1.0101000000e+04,8.8073332500e+05,3.8533430000e+03,2.0219000000e+01,8.1820000000e+00,-7.0692704000e+01,-3.3369861000e+01
1.0102000000e+04,7.3271003700e+05,4.9466640000e+03,1.6821000000e+01,6.8070000000e+00,-7.0683540000e+01,-3.3369715000e+01
1.0103000000e+04,5.0515131100e+05,3.0869450000e+03,1.1597000000e+01,4.6930000000e+00,-7.0689523000e+01,-3.3376029000e+01
1.0104000000e+04,6.3186141300e+05,3.8207730000e+03,1.4506000000e+01,5.8700000000e+00,-7.0679563000e+01,-3.3373686000e+01
1.0106000000e+04,5.2168934200e+05,4.0154370000e+03,1.1976000000e+01,4.8470000000e+00,-7.0666135000e+01,-3.3375933000e+01
1.0107000000e+04,4.0984337100e+05,2.7008840000e+03,9.4090000000e+00,3.8080000000e+00,-7.0660095000e+01,-3.3376826000e+01
1.0108000000e+04,4.3290776500e+05,2.9160830000e+03,9.9380000000e+00,4.0220000000e+00,-7.0689708000e+01,-3.3383060000e+01
1.0109000000e+04,4.6597205900e+05,2.9197930000e+03,1.0697000000e+01,4.3290000000e+00,-7.0684084000e+01,-3.3382066000e+01
1.0110000000e+04,6.4360537200e+05,3.6670120000e+03,1.4775000000e+01,5.9790000000e+00,-7.0677778000e+01,-3.3381801000e+01
1.0111000000e+04,6.5046316600e+05,4.5369340000e+03,1.4933000000e+01,6.0430000000e+00,-7.0670535000e+01,-3.3386280000e+01
1.0112000000e+04,6.7489680400e+05,3.3545780000e+03,1.5493000000e+01,6.2700000000e+00,-7.0662127000e+01,-3.3382995000e+01
1.0113000000e+04,4.1877380300e+05,2.6992300000e+03,9.6140000000e+00,3.8910000000e+00,-7.0685760000e+01,-3.3390387000e+01
1.0114000000e+04,5.8124860600e+05,3.1828560000e+03,1.3344000000e+01,5.4000000000e+00,-7.0680416000e+01,-3.3390043000e+01
1.0115000000e+04,7.9047655100e+05,4.8557790000e+03,1.8147000000e+01,7.3440000000e+00,-7.0673125000e+01,-3.3392249000e+01
1.0116000000e+04,5.2033899100e+05,3.4905690000e+03,1.1945000000e+01,4.8340000000e+00,-7.0679522000e+01,-3.3397042000e+01
1.0117000000e+04,3.0533874200e+05,2.6642080000e+03,7.0100000000e+00,2.8370000000e+00,-7.0676957000e+01,-3.3399880000e+01
1.0118000000e+04,4.2238164100e+05,3.3627230000e+03,9.6970000000e+00,3.9240000000e+00,-7.0662785000e+01,-3.3388718000e+01
1.0119000000e+04,5.4858702600e+05,3.3363880000e+03,1.2594000000e+01,5.0970000000e+00,-7.0662313000e+01,-3.3392631000e+01
1.0120000000e+04,5.7711046100e+05,3.6259660000e+03,1.3249000000e+01,5.3620000000e+00,-7.0663466000e+01,-3.3395915000e+01
1.0201000000e+04,4.6724472400e+05,3.1567900000e+03,1.0726000000e+01,4.3410000000e+00,-7.0674986000e+01,-3.3403103000e+01
1.0202000000e+04,4.4680412200e+05,2.9834610000e+03,1.0257000000e+01,4.1510000000e+00,-7.0665801000e+01,-3.3403097000e+01
1.0203000000e+04,4.6664554000e+05,2.9978940000e+03,1.0713000000e+01,4.3350000000e+00,-7.0662019000e+01,-3.3402350000e+01
1.0204000000e+04,4.1147301900e+05,2.7451360000e+03,9.4460000000e+00,3.8230000000e+00,-7.0675897000e+01,-3.3410444000e+01
1.0205000000e+04,9.1148993300e+05,4.2231770000e+03,2.0925000000e+01,8.4680000000e+00,-7.0670619000e+01,-3.3409520000e+01
1.0206000000e+04,2.7800567300e+05,2.1858850000e+03,6.3820000000e+00,2.5830000000e+00,-7.0663024000e+01,-3.3408521000e+01
1.0207000000e+04,3.9340298700e+05,2.4623830000e+03,9.0310000000e+00,3.6550000000e+00,-7.0656764000e+01,-3.3408182000e+01
1.0208000000e+04,5.6880611200e+05,4.3802410000e+03,1.3058000000e+01,5.2840000000e+00,-7.0671639000e+01,-3.3420022000e+01
1.0210000000e+04,7.5247653200e+05,3.6683510000e+03,1.7274000000e+01,6.9910000000e+00,-7.0660244000e+01,-3.3415864000e+01
1.0211000000e+04,2.5567514900e+05,2.3073140000e+03,5.8690000000e+00,2.3750000000e+00,-7.0655235000e+01,-3.3414293000e+01
1.0212000000e+04,4.2962635300e+05,2.9076490000e+03,9.8630000000e+00,3.9910000000e+00,-7.0664620000e+01,-3.3424399000e+01
1.0213000000e+04,3.6133445000e+05,2.4159030000e+03,8.2950000000e+00,3.3570000000e+00,-7.0658134000e+01,-3.3423413000e+01
1.0214000000e+04,5.2893634000e+05,3.6958320000e+03,1.2143000000e+01,4.9140000000e+00,-7.0652715000e+01,-3.3424102000e+01
1.0215000000e+04,2.8740028800e+05,2.3435650000e+03,6.5980000000e+00,2.6700000000e+00,-7.0656749000e+01,-3.3427778000e+01
1.0301000000e+04,7.2596204610e+06,1.3060228000e+04,1.6665800000e+02,6.7444000000e+01,-7.0671876000e+01,-3.3347488000e+01
1.0303000000e+04,1.8275406100e+06,5.7350140000e+03,4.1955000000e+01,1.6978000000e+01,-7.0683181000e+01,-3.3354879000e+01
1.0304000000e+04,1.0286372240e+06,5.2449850000e+03,2.3614000000e+01,9.5560000000e+00,-7.0680200000e+01,-3.3365137000e+01
1.0305000000e+04,3.8240130350e+06,1.0169211000e+04,8.7787000000e+01,3.5526000000e+01,-7.0657239000e+01,-3.3367223000e+01
1.0306000000e+04,5.4640395500e+05,3.2261210000e+03,1.2544000000e+01,5.0760000000e+00,-7.0634630000e+01,-3.3363477000e+01
1.0307000000e+04,5.4228699900e+05,3.3386390000e+03,1.2449000000e+01,5.0380000000e+00,-7.0629719000e+01,-3.3364246000e+01
1.0308000000e+04,5.1494006000e+05,3.2765010000e+03,1.1821000000e+01,4.7840000000e+00,-7.0639203000e+01,-3.3369947000e+01
1.0309000000e+04,1.1717689250e+06,6.5578000000e+03,2.6900000000e+01,1.0886000000e+01,-7.0623251000e+01,-3.3374751000e+01
1.0310000000e+04,7.8721762900e+05,3.5965810000e+03,1.8072000000e+01,7.3140000000e+00,-7.0641668000e+01,-3.3377507000e+01
1.0311000000e+04,3.3851499700e+05,2.5801490000e+03,7.7710000000e+00,3.1450000000e+00,-7.0632183000e+01,-3.3376573000e+01
1.0312000000e+04,2.0215792990e+06,5.8802350000e+03,4.6409000000e+01,1.8781000000e+01,-7.0629903000e+01,-3.3385377000e+01
1.0313000000e+04,7.7387047200e+05,4.9979210000e+03,1.7766000000e+01,7.1900000000e+00,-7.0611847000e+01,-3.3380990000e+01
1.0314000000e+04,3.0335071120e+06,7.3321580000e+03,6.9640000000e+01,2.8182000000e+01,-7.0612430000e+01,-3.3391895000e+01
1.0401000000e+04,8.1031270200e+05,4.2110500000e+03,1.8602000000e+01,7.5280000000e+00,-7.0650557000e+01,-3.3381617000e+01
1.0402000000e+04,6.5959708200e+05,3.3029050000e+03,1.5142000000e+01,6.1280000000e+00,-7.0644813000e+01,-3.3385776000e+01
1.0403000000e+04,5.4062289700e+05,3.6478060000e+03,1.2411000000e+01,5.0230000000e+00,-7.0635399000e+01,-3.3388471000e+01
1.0404000000e+04,1.0086103560e+06,4.0684550000e+03,2.3155000000e+01,9.3700000000e+00,-7.0649275000e+01,-3.3390832000e+01
1.0405000000e+04,6.5422966900e+05,3.4251480000e+03,1.5019000000e+01,6.0780000000e+00,-7.0637348000e+01,-3.3393351000e+01
1.0406000000e+04,5.5375159400e+05,3.1341510000e+03,1.2712000000e+01,5.1450000000e+00,-7.0629471000e+01,-3.3395365000e+01
1.0407000000e+04,1.7637910900e+06,5.5799670000e+03,4.0491000000e+01,1.6386000000e+01,-7.0619203000e+01,-3.3402707000e+01
1.0408000000e+04,6.0991389800e+05,4.3785640000e+03,1.4002000000e+01,5.6660000000e+00,-7.0651640000e+01,-3.3397810000e+01
1.0409000000e+04,7.0623919600e+05,4.1760150000e+03,1.6213000000e+01,6.5610000000e+00,-7.0647711000e+01,-3.3399644000e+01
1.0410000000e+04,7.2382153200e+05,3.6440620000e+03,1.6617000000e+01,6.7250000000e+00,-7.0635432000e+01,-3.3400465000e+01
1.0411000000e+04,3.9275197200e+05,2.7772550000e+03,9.0160000000e+00,3.6490000000e+00,-7.0627596000e+01,-3.3404395000e+01
1.0412000000e+04,5.4119662800e+05,3.5611720000e+03,1.2424000000e+01,5.0280000000e+00,-7.0649883000e+01,-3.3404852000e+01
1.0413000000e+04,5.8949741700e+05,3.1818840000e+03,1.3533000000e+01,5.4770000000e+00,-7.0637028000e+01,-3.3407334000e+01
1.0414000000e+04,1.2299227330e+06,6.2760980000e+03,2.8235000000e+01,1.1426000000e+01,-7.0636929000e+01,-3.3412707000e+01
1.0415000000e+04,1.0484922400e+06,4.1910590000e+03,2.4070000000e+01,9.7410000000e+00,-7.0648246000e+01,-3.3412004000e+01
1.0416000000e+04,2.0594871300e+05,1.9025490000e+03,4.7280000000e+00,1.9130000000e+00,-7.0639607000e+01,-3.3411522000e+01
1.0417000000e+04,5.1371868900e+05,3.0732280000e+03,1.1793000000e+01,4.7730000000e+00,-7.0646787000e+01,-3.3420948000e+01
1.0418000000e+04,3.1401422900e+05,2.4338440000e+03,7.2090000000e+00,2.9170000000e+00,-7.0640748000e+01,-3.3417011000e+01
1.0419000000e+04,7.6737334100e+05,3.5225240000e+03,1.7616000000e+01,7.1290000000e+00,-7.0632800000e+01,-3.3415423000e+01
1.0420000000e+04,2.9988552000e+05,2.2202740000e+03,6.8840000000e+00,2.7860000000e+00,-7.0648216000e+01,-3.3428197000e+01
1.0421000000e+04,2.8487586500e+05,2.1809330000e+03,6.5400000000e+00,2.6470000000e+00,-7.0642042000e+01,-3.3423613000e+01
1.0423000000e+04,3.9861682600e+05,2.7463810000e+03,9.1510000000e+00,3.7030000000e+00,-7.0643245000e+01,-3.3429077000e+01
1.0424000000e+04,3.4083209400e+05,2.2954970000e+03,7.8240000000e+00,3.1660000000e+00,-7.0638273000e+01,-3.3431180000e+01
1.0501000000e+04,4.9505165920e+06,1.0664040000e+04,1.1364800000e+02,4.5992000000e+01,-7.0771056000e+01,-3.3386157000e+01
1.0502000000e+04,2.0384038290e+06,6.3148440000e+03,4.6795000000e+01,1.8937000000e+01,-7.0734484000e+01,-3.3405476000e+01
1.0504000000e+04,1.4182636150e+06,4.9702220000e+03,3.2559000000e+01,1.3176000000e+01,-7.0714172000e+01,-3.3396823000e+01
1.0505000000e+04,1.7284481970e+06,5.4526630000e+03,3.9680000000e+01,1.6058000000e+01,-7.0700486000e+01,-3.3390669000e+01
1.0506000000e+04,1.0864223820e+06,6.3168340000e+03,2.4941000000e+01,1.0093000000e+01,-7.0688197000e+01,-3.3392056000e+01
1.0507000000e+04,1.4194236480e+06,5.0461550000e+03,3.2585000000e+01,1.3187000000e+01,-7.0721123000e+01,-3.3406381000e+01
1.0508000000e+04,4.0340074100e+05,3.1431370000e+03,9.2610000000e+00,3.7480000000e+00,-7.0710461000e+01,-3.3403153000e+01
1.0509000000e+04,8.9160273000e+05,4.2750830000e+03,2.0468000000e+01,8.2830000000e+00,-7.0703762000e+01,-3.3403978000e+01
1.0510000000e+04,2.6542216700e+05,2.0645300000e+03,6.0930000000e+00,2.4660000000e+00,-7.0700776000e+01,-3.3399140000e+01
1.0512000000e+04,3.2528657600e+05,2.5213330000e+03,7.4680000000e+00,3.0220000000e+00,-7.0697370000e+01,-3.3404165000e+01
1.0513000000e+04,6.0801749200e+05,3.5312170000e+03,1.3958000000e+01,5.6490000000e+00,-7.0692060000e+01,-3.3405228000e+01
1.0514000000e+04,8.3984703500e+05,3.9560930000e+03,1.9280000000e+01,7.8020000000e+00,-7.0684134000e+01,-3.3407522000e+01
1.0515000000e+04,5.0237258700e+05,3.5676240000e+03,1.1533000000e+01,4.6670000000e+00,-7.0694334000e+01,-3.3412731000e+01
1.0516000000e+04,5.5378965900e+05,3.7124750000e+03,1.2713000000e+01,5.1450000000e+00,-7.0688671000e+01,-3.3415501000e+01
1.0517000000e+04,8.5948027400e+05,4.9481910000e+03,1.9731000000e+01,7.9850000000e+00,-7.0678764000e+01,-3.3417982000e+01
1.0601000000e+04,1.2691801163e+07,1.6035779000e+04,2.9136400000e+02,1.1791100000e+02,-7.0773684000e+01,-3.3361835000e+01
1.0603000000e+04,6.8558592340e+06,1.4592282000e+04,1.5738900000e+02,6.3693000000e+01,-7.0720088000e+01,-3.3340060000e+01
1.0604000000e+04,2.2279528080e+06,7.4613890000e+03,5.1147000000e+01,2.0698000000e+01,-7.0747184000e+01,-3.3357540000e+01
1.0605000000e+04,2.0595337530e+06,6.9836190000e+03,4.7280000000e+01,1.9134000000e+01,-7.0729968000e+01,-3.3354146000e+01
1.0606000000e+04,1.1742288890e+06,4.8788520000e+03,2.6957000000e+01,1.0909000000e+01,-7.0713840000e+01,-3.3355397000e+01
1.0607000000e+04,1.4601620970e+06,6.4170550000e+03,3.3521000000e+01,1.3565000000e+01,-7.0742655000e+01,-3.3368026000e+01
1.0608000000e+04,9.9856897200e+05,4.5122490000e+03,2.2924000000e+01,9.2770000000e+00,-7.0733189000e+01,-3.3364633000e+01
1.0609000000e+04,4.8256878200e+05,3.2188710000e+03,1.1078000000e+01,4.4830000000e+00,-7.0724885000e+01,-3.3362506000e+01
1.0610000000e+04,3.8360590400e+05,2.7689780000e+03,8.8060000000e+00,3.5640000000e+00,-7.0715446000e+01,-3.3364298000e+01
1.0611000000e+04,2.5219200930e+06,8.8662020000e+03,5.7895000000e+01,2.3429000000e+01,-7.0714648000e+01,-3.3367454000e+01
1.0612000000e+04,1.8547527220e+06,6.1564390000e+03,4.2579000000e+01,1.7231000000e+01,-7.0747129000e+01,-3.3380454000e+01
1.0613000000e+04,8.9285178330e+06,1.4283456000e+04,2.0497100000e+02,8.2949000000e+01,-7.0721887000e+01,-3.3382626000e+01
1.0614000000e+04,6.2085828640e+06,1.2618973000e+04,1.4252900000e+02,5.7680000000e+01,-7.0703795000e+01,-3.3338027000e+01
1.0615000000e+04,8.3594449600e+05,4.1983280000e+03,1.9191000000e+01,7.7660000000e+00,-7.0696150000e+01,-3.3361240000e+01
1.0702000000e+04,3.0295650847e+07,2.8629879000e+04,6.9549200000e+02,2.8145700000e+02,-7.0692985000e+01,-3.3207509000e+01
1.0703000000e+04,4.6155465580e+06,1.3582371000e+04,1.0595800000e+02,4.2880000000e+01,-7.0671392000e+01,-3.3193953000e+01
1.0704000000e+04,4.6148034260e+06,1.4729165000e+04,1.0594100000e+02,4.2873000000e+01,-7.0667663000e+01,-3.3205723000e+01
1.0705000000e+04,8.6553623350e+06,1.4072904000e+04,1.9870000000e+02,8.0411000000e+01,-7.0674543000e+01,-3.3227215000e+01
1.0707000000e+04,5.4857089720e+06,9.8039790000e+03,1.2593500000e+02,5.0964000000e+01,-7.0710156000e+01,-3.3257473000e+01
1.0709000000e+04,1.1593441708e+07,1.4862230000e+04,2.6614900000e+02,1.0770700000e+02,-7.0717962000e+01,-3.3290783000e+01
1.0710000000e+04,9.5664175270e+06,1.4390895000e+04,2.1961500000e+02,8.8875000000e+01,-7.0688412000e+01,-3.3261320000e+01
1.0714000000e+04,4.6150801040e+06,9.3645120000e+03,1.0594800000e+02,4.2876000000e+01,-7.0637921000e+01,-3.3272984000e+01
1.0802000000e+04,2.2359321430e+06,5.7379250000e+03,5.1330000000e+01,2.0773000000e+01,-7.0808542000e+01,-3.3230804000e+01
1.0803000000e+04,3.1998108664e+07,2.8781872000e+04,7.3457500000e+02,2.9727300000e+02,-7.0868384000e+01,-3.3279807000e+01
1.0804000000e+04,2.3973888636e+07,2.8097479000e+04,5.5036500000e+02,2.2272600000e+02,-7.0819708000e+01,-3.3263395000e+01
1.0806000000e+04,5.1548062910e+06,1.3012804000e+04,1.1833800000e+02,4.7890000000e+01,-7.0758199000e+01,-3.3247844000e+01
1.0808000000e+04,3.9325045636e+07,2.6561607000e+04,9.0277900000e+02,3.6534300000e+02,-7.0796770000e+01,-3.3314083000e+01
1.0809000000e+04,1.9116500826e+07,1.9602890000e+04,4.3885400000e+02,1.7759900000e+02,-7.0748205000e+01,-3.3303005000e+01
2.0902000000e+04,6.2196034960e+06,1.1545005000e+04,1.4278200000e+02,5.7782000000e+01,-7.0790365000e+01,-3.3391506000e+01
2.0903000000e+04,8.1493219910e+06,1.4217257000e+04,1.8708300000e+02,7.5710000000e+01,-7.0756158000e+01,-3.3399150000e+01
2.0904000000e+04,7.0773335892e+07,3.8109201000e+04,1.6247320000e+03,6.5750800000e+02,-7.0834669000e+01,-3.3437951000e+01
2.0905000000e+04,2.7972824310e+06,6.8680140000e+03,6.4217000000e+01,2.5988000000e+01,-7.0776493000e+01,-3.3432176000e+01
2.0906000000e+04,1.4369209830e+06,5.4931830000e+03,3.2987000000e+01,1.3349000000e+01,-7.0766457000e+01,-3.3434160000e+01
2.0907000000e+04,5.9711120100e+05,4.1175680000e+03,1.3708000000e+01,5.5470000000e+00,-7.0759684000e+01,-3.3431451000e+01
2.0908000000e+04,6.1237901100e+05,3.6582880000e+03,1.4058000000e+01,5.6890000000e+00,-7.0751918000e+01,-3.3432704000e+01
2.0909000000e+04,4.5458756200e+05,2.7670630000e+03,1.0436000000e+01,4.2230000000e+00,-7.0744091000e+01,-3.3432937000e+01
2.0910000000e+04,6.5807714500e+05,3.7460550000e+03,1.5107000000e+01,6.1140000000e+00,-7.0757390000e+01,-3.3439356000e+01
2.0911000000e+04,7.3156572300e+05,3.8758510000e+03,1.6794000000e+01,6.7960000000e+00,-7.0750031000e+01,-3.3440236000e+01
2.0912000000e+04,4.2092324600e+05,2.9840720000e+03,9.6630000000e+00,3.9110000000e+00,-7.0743236000e+01,-3.3440268000e+01
2.0913000000e+04,1.4981768940e+06,6.4159580000e+03,3.4393000000e+01,1.3919000000e+01,-7.0763959000e+01,-3.3445862000e+01
2.0914000000e+04,9.3597638600e+05,4.4839250000e+03,2.1487000000e+01,8.6960000000e+00,-7.0746035000e+01,-3.3448728000e+01
2.0915000000e+04,1.2916815640e+06,6.1570290000e+03,2.9653000000e+01,1.2000000000e+01,-7.0763231000e+01,-3.3450718000e+01
2.0918000000e+04,7.2685584700e+05,4.0703710000e+03,1.6686000000e+01,6.7530000000e+00,-7.0759456000e+01,-3.3456547000e+01
2.0919000000e+04,1.0939085500e+06,4.9214390000e+03,2.5113000000e+01,1.0163000000e+01,-7.0746614000e+01,-3.3463734000e+01
2.0920000000e+04,2.4683968200e+05,2.0720690000e+03,5.6670000000e+00,2.2930000000e+00,-7.0734197000e+01,-3.3460395000e+01
2.0921000000e+04,4.1496298700e+05,2.5474480000e+03,9.5260000000e+00,3.8550000000e+00,-7.0759796000e+01,-3.3461250000e+01
2.0922000000e+04,6.1546094300e+05,3.5751100000e+03,1.4129000000e+01,5.7180000000e+00,-7.0744287000e+01,-3.3459200000e+01
2.0923000000e+04,4.9717975900e+05,3.0044180000e+03,1.1414000000e+01,4.6190000000e+00,-7.0733974000e+01,-3.3466025000e+01
2.1001000000e+04,2.9538946220e+06,8.5875720000e+03,6.7812000000e+01,2.7443000000e+01,-7.0765772000e+01,-3.3420111000e+01
2.1002000000e+04,8.9177651200e+05,4.3983740000e+03,2.0472000000e+01,8.2850000000e+00,-7.0755540000e+01,-3.3417952000e+01
2.1003000000e+04,8.2692868700e+05,4.3355810000e+03,1.8984000000e+01,7.6820000000e+00,-7.0749197000e+01,-3.3417774000e+01
2.1004000000e+04,5.9131267100e+05,3.9185320000e+03,1.3575000000e+01,5.4930000000e+00,-7.0743129000e+01,-3.3417089000e+01
2.1005000000e+04,1.0487950770e+06,4.1753360000e+03,2.4077000000e+01,9.7440000000e+00,-7.0737105000e+01,-3.3416990000e+01
2.1007000000e+04,5.2584389800e+05,3.1323520000e+03,1.2072000000e+01,4.8850000000e+00,-7.0728135000e+01,-3.3419611000e+01
2.1008000000e+04,4.8131882300e+05,3.2994040000e+03,1.1050000000e+01,4.4720000000e+00,-7.0720055000e+01,-3.3416545000e+01
2.1009000000e+04,8.0982041600e+05,3.5556660000e+03,1.8591000000e+01,7.5240000000e+00,-7.0744241000e+01,-3.3425914000e+01
2.1010000000e+04,7.1673623900e+05,4.0166480000e+03,1.6454000000e+01,6.6590000000e+00,-7.0732206000e+01,-3.3426176000e+01
2.1011000000e+04,8.1855097200e+05,4.4832780000e+03,1.8791000000e+01,7.6050000000e+00,-7.0722879000e+01,-3.3424983000e+01
2.1012000000e+04,4.3048163600e+05,2.6389270000e+03,9.8820000000e+00,3.9990000000e+00,-7.0737065000e+01,-3.3432674000e+01
2.1013000000e+04,5.1194135900e+05,3.4998210000e+03,1.1753000000e+01,4.7560000000e+00,-7.0731843000e+01,-3.3432497000e+01
2.1014000000e+04,5.6683443500e+05,3.4715690000e+03,1.3013000000e+01,5.2660000000e+00,-7.0724711000e+01,-3.3433960000e+01
2.1101000000e+04,1.0350916640e+06,4.8388050000e+03,2.3762000000e+01,9.6160000000e+00,-7.0711041000e+01,-3.3414164000e+01
2.1102000000e+04,4.3898516600e+05,2.7181670000e+03,1.0078000000e+01,4.0780000000e+00,-7.0702818000e+01,-3.3412093000e+01
2.1103000000e+04,2.3337961500e+05,2.0052760000e+03,5.3580000000e+00,2.1680000000e+00,-7.0700973000e+01,-3.3418328000e+01
2.1104000000e+04,4.4544931400e+05,3.4031690000e+03,1.0226000000e+01,4.1380000000e+00,-7.0695574000e+01,-3.3417036000e+01
2.1105000000e+04,4.2847637100e+05,3.2774150000e+03,9.8360000000e+00,3.9810000000e+00,-7.0688289000e+01,-3.3421190000e+01
2.1107000000e+04,4.7312969000e+05,3.1887770000e+03,1.0862000000e+01,4.3960000000e+00,-7.0714693000e+01,-3.3420545000e+01
2.1108000000e+04,5.8425589900e+05,3.2390280000e+03,1.3413000000e+01,5.4280000000e+00,-7.0707061000e+01,-3.3420310000e+01
2.1109000000e+04,9.4172983200e+05,4.9285030000e+03,2.1619000000e+01,8.7490000000e+00,-7.0704563000e+01,-3.3424898000e+01
2.1110000000e+04,4.4399744500e+05,2.8300240000e+03,1.0193000000e+01,4.1250000000e+00,-7.0693820000e+01,-3.3426766000e+01
2.1111000000e+04,3.4415740100e+05,2.5962120000e+03,7.9010000000e+00,3.1970000000e+00,-7.0689146000e+01,-3.3427712000e+01
2.1113000000e+04,6.6112524100e+05,3.3304780000e+03,1.5177000000e+01,6.1420000000e+00,-7.0713216000e+01,-3.3428899000e+01
2.1114000000e+04,4.2536382400e+05,3.5108890000e+03,9.7650000000e+00,3.9520000000e+00,-7.0699635000e+01,-3.3430065000e+01
2.1115000000e+04,3.9851363500e+05,2.5374100000e+03,9.1490000000e+00,3.7020000000e+00,-7.0716978000e+01,-3.3433855000e+01
2.1116000000e+04,5.4917769000e+05,3.8886950000e+03,1.2607000000e+01,5.1020000000e+00,-7.0707156000e+01,-3.3434869000e+01
2.1117000000e+04,8.0835301700e+05,3.6840090000e+03,1.8557000000e+01,7.5100000000e+00,-7.0694407000e+01,-3.3435216000e+01
2.1118000000e+04,5.4466059600e+05,3.4429120000e+03,1.2504000000e+01,5.0600000000e+00,-7.0685377000e+01,-3.3435747000e+01
2.1119000000e+04,4.3765432600e+05,3.2415670000e+03,1.0047000000e+01,4.0660000000e+00,-7.0703265000e+01,-3.3437657000e+01
2.1120000000e+04,6.2238006300e+05,3.2373480000e+03,1.4288000000e+01,5.7820000000e+00,-7.0702650000e+01,-3.3443822000e+01
2.1121000000e+04,7.2080901300e+05,3.5299280000e+03,1.6547000000e+01,6.6970000000e+00,-7.0695334000e+01,-3.3442858000e+01
2.1201000000e+04,3.3147186300e+05,2.3049360000e+03,7.6100000000e+00,3.0790000000e+00,-7.0737154000e+01,-3.3438915000e+01
2.1202000000e+04,9.0714965900e+05,3.8471740000e+03,2.0825000000e+01,8.4280000000e+00,-7.0727880000e+01,-3.3440239000e+01
2.1203000000e+04,6.5671692200e+05,3.8571210000e+03,1.5076000000e+01,6.1010000000e+00,-7.0714345000e+01,-3.3439560000e+01
2.1204000000e+04,2.3577483000e+05,2.4995140000e+03,5.4130000000e+00,2.1900000000e+00,-7.0717591000e+01,-3.3442187000e+01
2.1205000000e+04,6.6890648900e+05,3.4775160000e+03,1.5356000000e+01,6.2140000000e+00,-7.0735141000e+01,-3.3445952000e+01
2.1206000000e+04,5.2111135200e+05,3.1607100000e+03,1.1963000000e+01,4.8410000000e+00,-7.0725972000e+01,-3.3447732000e+01
2.1207000000e+04,6.7048151100e+05,4.4901210000e+03,1.5392000000e+01,6.2290000000e+00,-7.0714392000e+01,-3.3445651000e+01
2.1208000000e+04,5.4914204300e+05,2.9641790000e+03,1.2607000000e+01,5.1020000000e+00,-7.0717195000e+01,-3.3448400000e+01
2.1209000000e+04,8.7203160500e+05,4.7858750000e+03,2.0019000000e+01,8.1010000000e+00,-7.0728626000e+01,-3.3452713000e+01
2.1210000000e+04,2.0206855100e+05,2.0916450000e+03,4.6390000000e+00,1.8770000000e+00,-7.0719382000e+01,-3.3454165000e+01
2.1211000000e+04,6.8627061000e+05,3.8103110000e+03,1.5755000000e+01,6.3760000000e+00,-7.0711319000e+01,-3.3454409000e+01
2.1212000000e+04,2.8177402800e+05,2.1878040000e+03,6.4690000000e+00,2.6180000000e+00,-7.0709219000e+01,-3.3451568000e+01
2.1301000000e+04,1.3000797570e+06,5.5526310000e+03,2.9846000000e+01,1.2078000000e+01,-7.0720714000e+01,-3.3461592000e+01
2.1302000000e+04,4.3145947400e+05,3.1326440000e+03,9.9050000000e+00,4.0080000000e+00,-7.0726637000e+01,-3.3469258000e+01
2.1303000000e+04,1.1789341300e+06,4.5888320000e+03,2.7065000000e+01,1.0953000000e+01,-7.0718083000e+01,-3.3465597000e+01
2.1304000000e+04,5.1607668100e+05,3.0047090000e+03,1.1847000000e+01,4.7950000000e+00,-7.0707832000e+01,-3.3462195000e+01
2.1305000000e+04,2.2584347000e+05,2.1416960000e+03,5.1850000000e+00,2.0980000000e+00,-7.0704050000e+01,-3.3452018000e+01
2.1306000000e+04,5.9892606200e+05,3.2862820000e+03,1.3749000000e+01,5.5640000000e+00,-7.0697311000e+01,-3.3450947000e+01
2.1307000000e+04,8.9666981900e+05,3.9074420000e+03,2.0585000000e+01,8.3300000000e+00,-7.0684891000e+01,-3.3447458000e+01
2.1308000000e+04,3.3299841100e+05,3.2673880000e+03,7.6450000000e+00,3.0940000000e+00,-7.0697584000e+01,-3.3454150000e+01
2.1311000000e+04,5.5511850500e+05,3.1541300000e+03,1.2744000000e+01,5.1570000000e+00,-7.0685223000e+01,-3.3454192000e+01
2.1312000000e+04,6.9355095800e+05,3.5176470000e+03,1.5922000000e+01,6.4430000000e+00,-7.0715817000e+01,-3.3472738000e+01
2.1313000000e+04,4.5999866900e+05,2.9122040000e+03,1.0560000000e+01,4.2740000000e+00,-7.0706957000e+01,-3.3468877000e+01
2.1314000000e+04,5.0639740100e+05,2.9512800000e+03,1.1625000000e+01,4.7050000000e+00,-7.0700395000e+01,-3.3465523000e+01
2.1315000000e+04,6.6972288600e+05,3.3539360000e+03,1.5375000000e+01,6.2220000000e+00,-7.0692249000e+01,-3.3462447000e+01
2.1316000000e+04,4.6893657900e+05,2.8470200000e+03,1.0765000000e+01,4.3570000000e+00,-7.0684352000e+01,-3.3457705000e+01
2.1317000000e+04,3.9133151600e+05,3.9870900000e+03,8.9840000000e+00,3.6360000000e+00,-7.0678917000e+01,-3.3458456000e+01
2.1318000000e+04,1.0043678250e+06,4.4950500000e+03,2.3057000000e+01,9.3310000000e+00,-7.0707922000e+01,-3.3477239000e+01
2.1319000000e+04,4.5828223200e+05,3.0018280000e+03,1.0521000000e+01,4.2580000000e+00,-7.0700435000e+01,-3.3473657000e+01
2.1320000000e+04,6.4626144100e+05,3.5436340000e+03,1.4836000000e+01,6.0040000000e+00,-7.0692380000e+01,-3.3471007000e+01
2.1321000000e+04,3.9176532000e+05,2.5074440000e+03,8.9940000000e+00,3.6400000000e+00,-7.0684030000e+01,-3.3463844000e+01
2.1322000000e+04,6.7634038600e+05,4.1147190000e+03,1.5527000000e+01,6.2830000000e+00,-7.0693466000e+01,-3.3476091000e+01
2.1323000000e+04,1.3148383330e+06,5.1267200000e+03,3.0185000000e+01,1.2215000000e+01,-7.0679216000e+01,-3.3471595000e+01
2.1403000000e+04,1.2163841730e+06,4.6049320000e+03,2.7924000000e+01,1.1301000000e+01,-7.0754606000e+01,-3.3469053000e+01
2.1404000000e+04,8.1733110900e+05,3.5343180000e+03,1.8763000000e+01,7.5930000000e+00,-7.0742213000e+01,-3.3470728000e+01
2.1405000000e+04,5.6718166000e+05,3.4430880000e+03,1.3021000000e+01,5.2690000000e+00,-7.0734147000e+01,-3.3473633000e+01
2.1407000000e+04,1.2129167315e+07,1.4581885000e+04,2.7844700000e+02,1.1268400000e+02,-7.0812840000e+01,-3.3507688000e+01
2.1408000000e+04,7.2459082680e+06,1.2384976000e+04,1.6634300000e+02,6.7317000000e+01,-7.0777640000e+01,-3.3488511000e+01
2.1410000000e+04,1.2735054800e+06,5.7421870000e+03,2.9236000000e+01,1.1831000000e+01,-7.0740387000e+01,-3.3482195000e+01
2.1411000000e+04,9.7036262500e+05,3.9702200000e+03,2.2276000000e+01,9.0150000000e+00,-7.0726152000e+01,-3.3477666000e+01
2.1412000000e+04,1.3980806420e+06,5.3443640000e+03,3.2096000000e+01,1.2989000000e+01,-7.0788578000e+01,-3.3501820000e+01
2.1413000000e+04,1.2962012460e+06,4.6782850000e+03,2.9757000000e+01,1.2042000000e+01,-7.0771720000e+01,-3.3497591000e+01
2.1414000000e+04,6.3457158500e+05,3.3160400000e+03,1.4568000000e+01,5.8950000000e+00,-7.0760249000e+01,-3.3496373000e+01
2.1416000000e+04,6.1680779200e+05,3.8247370000e+03,1.4160000000e+01,5.7300000000e+00,-7.0748579000e+01,-3.3494073000e+01
2.1417000000e+04,2.4070522450e+06,6.1710050000e+03,5.5258000000e+01,2.2362000000e+01,-7.0739329000e+01,-3.3493651000e+01
2.1418000000e+04,1.3434215800e+06,4.9797490000e+03,3.0841000000e+01,1.2481000000e+01,-7.0794239000e+01,-3.3513743000e+01
2.1419000000e+04,2.0116520280e+06,5.8901950000e+03,4.6181000000e+01,1.8689000000e+01,-7.0784644000e+01,-3.3513362000e+01
2.1420000000e+04,1.0710263450e+06,4.4384640000e+03,2.4587000000e+01,9.9500000000e+00,-7.0771270000e+01,-3.3504935000e+01
2.1421000000e+04,5.3875823100e+05,3.0740540000e+03,1.2368000000e+01,5.0050000000e+00,-7.0760287000e+01,-3.3504935000e+01
2.1422000000e+04,4.9949859400e+05,3.1841950000e+03,1.1467000000e+01,4.6410000000e+00,-7.0754136000e+01,-3.3505198000e+01
2.1424000000e+04,7.6246020900e+05,3.8292920000e+03,1.7504000000e+01,7.0840000000e+00,-7.0741257000e+01,-3.3504144000e+01
2.1426000000e+04,6.9155524300e+05,3.3568340000e+03,1.5876000000e+01,6.4250000000e+00,-7.0762600000e+01,-3.3512190000e+01
2.1427000000e+04,4.7657303600e+05,2.8373650000e+03,1.0941000000e+01,4.4280000000e+00,-7.0752538000e+01,-3.3513172000e+01
2.1429000000e+04,9.0739016600e+05,4.1430160000e+03,2.0831000000e+01,8.4300000000e+00,-7.0770230000e+01,-3.3518168000e+01
2.1430000000e+04,4.8778661600e+05,2.8689650000e+03,1.1198000000e+01,4.5320000000e+00,-7.0761372000e+01,-3.3517247000e+01
2.1431000000e+04,8.3082694470e+06,1.2284979000e+04,1.9073200000e+02,7.7187000000e+01,-7.0794021000e+01,-3.3541528000e+01
2.1432000000e+04,2.7302016160e+06,8.5221450000e+03,6.2677000000e+01,2.5365000000e+01,-7.0793192000e+01,-3.3527069000e+01
2.1433000000e+04,8.5075385600e+05,4.9165220000e+03,1.9531000000e+01,7.9040000000e+00,-7.0767587000e+01,-3.3522812000e+01
2.1434000000e+04,9.5863441400e+05,4.1071100000e+03,2.2007000000e+01,8.9060000000e+00,-7.0772489000e+01,-3.3530219000e+01
2.1435000000e+04,5.6583299800e+05,3.3741810000e+03,1.2990000000e+01,5.2570000000e+00,-7.0761359000e+01,-3.3529556000e+01
2.1437000000e+04,1.0892970740e+06,6.9890090000e+03,2.5007000000e+01,1.0120000000e+01,-7.0741477000e+01,-3.3518925000e+01
2.1438000000e+04,1.5212287600e+06,5.2786070000e+03,3.4923000000e+01,1.4133000000e+01,-7.0728802000e+01,-3.3516656000e+01
2.1439000000e+04,7.4523507910e+06,1.2311630000e+04,1.7108200000e+02,6.9235000000e+01,-7.0747506000e+01,-3.3536646000e+01
2.1440000000e+04,4.9469258100e+06,1.0272356000e+04,1.1356600000e+02,4.5959000000e+01,-7.0771837000e+01,-3.3548260000e+01
2.1441000000e+04,8.7834298530e+06,1.3067242000e+04,2.0164000000e+02,8.1601000000e+01,-7.0783722000e+01,-3.3565951000e+01
2.1501000000e+04,6.7584542200e+05,3.6394840000e+03,1.5515000000e+01,6.2790000000e+00,-7.0717990000e+01,-3.3478489000e+01
2.1502000000e+04,7.0299322300e+05,3.4784880000e+03,1.6139000000e+01,6.5310000000e+00,-7.0726538000e+01,-3.3489004000e+01
2.1504000000e+04,1.4104180670e+06,5.3538370000e+03,3.2379000000e+01,1.3103000000e+01,-7.0705133000e+01,-3.3486196000e+01
2.1505000000e+04,6.4415873000e+05,3.6633790000e+03,1.4788000000e+01,5.9840000000e+00,-7.0691121000e+01,-3.3480816000e+01
2.1507000000e+04,1.4356004680e+06,4.7473730000e+03,3.2957000000e+01,1.3337000000e+01,-7.0712981000e+01,-3.3494306000e+01
2.1509000000e+04,6.1001031000e+05,3.3427780000e+03,1.4004000000e+01,5.6670000000e+00,-7.0731619000e+01,-3.3499840000e+01
2.1510000000e+04,3.6632918300e+05,2.5404790000e+03,8.4100000000e+00,3.4030000000e+00,-7.0719908000e+01,-3.3498668000e+01
2.1511000000e+04,3.5840208800e+05,2.8593400000e+03,8.2280000000e+00,3.3300000000e+00,-7.0722534000e+01,-3.3501569000e+01
2.1514000000e+04,2.2102849130e+06,6.0320780000e+03,5.0741000000e+01,2.0534000000e+01,-7.0707419000e+01,-3.3510205000e+01
2.1516000000e+04,1.2998910990e+06,4.6926640000e+03,2.9841000000e+01,1.2076000000e+01,-7.0710408000e+01,-3.3523841000e+01
3.1602000000e+04,2.2873455330e+06,6.2736900000e+03,5.2510000000e+01,2.1250000000e+01,-7.0575883000e+01,-3.3370533000e+01
3.1604000000e+04,1.7285130900e+06,5.3712410000e+03,3.9681000000e+01,1.6058000000e+01,-7.0597102000e+01,-3.3398926000e+01
3.1605000000e+04,1.1246350430e+06,5.1193180000e+03,2.5818000000e+01,1.0448000000e+01,-7.0588281000e+01,-3.3391687000e+01
3.1606000000e+04,6.3504260700e+05,3.8842410000e+03,1.4579000000e+01,5.9000000000e+00,-7.0586203000e+01,-3.3384566000e+01
3.1607000000e+04,1.0345358600e+06,4.4396070000e+03,2.3750000000e+01,9.6110000000e+00,-7.0575342000e+01,-3.3383346000e+01
3.1608000000e+04,8.1183135300e+05,4.0397130000e+03,1.8637000000e+01,7.5420000000e+00,-7.0562941000e+01,-3.3380520000e+01
3.1609000000e+04,1.3298078570e+06,5.3993450000e+03,3.0528000000e+01,1.2354000000e+01,-7.0549198000e+01,-3.3381727000e+01
3.1610000000e+04,7.2545663900e+05,3.5629920000e+03,1.6654000000e+01,6.7400000000e+00,-7.0539005000e+01,-3.3380855000e+01
3.1611000000e+04,4.8622287200e+05,4.6622770000e+03,1.1162000000e+01,4.5170000000e+00,-7.0528531000e+01,-3.3377269000e+01
3.1612000000e+04,6.9823474100e+05,4.3491610000e+03,1.6029000000e+01,6.4870000000e+00,-7.0589702000e+01,-3.3401196000e+01
3.1613000000e+04,7.9511371200e+05,4.4262150000e+03,1.8253000000e+01,7.3870000000e+00,-7.0578957000e+01,-3.3399046000e+01
3.1614000000e+04,9.2952808300e+05,4.3933380000e+03,2.1339000000e+01,8.6360000000e+00,-7.0579350000e+01,-3.3388059000e+01
3.1615000000e+04,2.1639711200e+05,1.9531080000e+03,4.9680000000e+00,2.0100000000e+00,-7.0574593000e+01,-3.3393669000e+01
3.1616000000e+04,8.7307242900e+05,5.2469080000e+03,2.0043000000e+01,8.1110000000e+00,-7.0561018000e+01,-3.3384431000e+01
3.1617000000e+04,7.2704705600e+05,3.4744230000e+03,1.6691000000e+01,6.7550000000e+00,-7.0566365000e+01,-3.3392194000e+01
3.1618000000e+04,5.5332217100e+05,3.5516170000e+03,1.2703000000e+01,5.1410000000e+00,-7.0556752000e+01,-3.3387426000e+01
3.1619000000e+04,5.1272761400e+05,3.4713150000e+03,1.1771000000e+01,4.7630000000e+00,-7.0554986000e+01,-3.3390188000e+01
3.1702000000e+04,6.0648249610e+06,1.4767102000e+04,1.3922900000e+02,5.6344000000e+01,-7.0547419000e+01,-3.3336438000e+01
3.1703000000e+04,5.3566505890e+06,1.5065442000e+04,1.2297200000e+02,4.9765000000e+01,-7.0530511000e+01,-3.3337883000e+01
3.1704000000e+04,2.6094097260e+06,7.2927810000e+03,5.9904000000e+01,2.4242000000e+01,-7.0509502000e+01,-3.3332539000e+01
3.1705000000e+04,6.8209187500e+05,5.0369520000e+03,1.5659000000e+01,6.3370000000e+00,-7.0528357000e+01,-3.3338738000e+01
3.1706000000e+04,7.6164751800e+05,3.8429150000e+03,1.7485000000e+01,7.0760000000e+00,-7.0515772000e+01,-3.3345228000e+01
3.1707000000e+04,5.8964508600e+05,5.2655300000e+03,1.3536000000e+01,5.4780000000e+00,-7.0518902000e+01,-3.3347857000e+01
3.1708000000e+04,6.4277045370e+06,1.1964577000e+04,1.4756000000e+02,5.9716000000e+01,-7.0496145000e+01,-3.3343229000e+01
3.1709000000e+04,3.5528804020e+06,8.1361630000e+03,8.1563000000e+01,3.3007000000e+01,-7.0532843000e+01,-3.3361443000e+01
3.1710000000e+04,2.2611537460e+06,6.2228260000e+03,5.1909000000e+01,2.1007000000e+01,-7.0517314000e+01,-3.3360616000e+01
3.1711000000e+04,2.0464977350e+06,6.2304360000e+03,4.6981000000e+01,1.9013000000e+01,-7.0501143000e+01,-3.3355972000e+01
3.1712000000e+04,1.1447219875e+07,1.7507796000e+04,2.6279200000e+02,1.0634900000e+02,-7.0471991000e+01,-3.3347712000e+01
3.1713000000e+04,1.2240794950e+06,5.8593270000e+03,2.8101000000e+01,1.1372000000e+01,-7.0505723000e+01,-3.3367218000e+01
3.1801000000e+04,1.4507429910e+06,4.9058740000e+03,3.3304000000e+01,1.3478000000e+01,-7.0628121000e+01,-3.3428110000e+01
3.1802000000e+04,2.4877805880e+06,7.7234760000e+03,5.7112000000e+01,2.3112000000e+01,-7.0614626000e+01,-3.3413663000e+01
3.1803000000e+04,3.3182663700e+05,2.6428990000e+03,7.6180000000e+00,3.0830000000e+00,-7.0618926000e+01,-3.3426741000e+01
3.1804000000e+04,4.1261815900e+05,3.8046400000e+03,9.4720000000e+00,3.8330000000e+00,-7.0608930000e+01,-3.3420580000e+01
3.1805000000e+04,4.0964052800e+05,2.6774370000e+03,9.4040000000e+00,3.8060000000e+00,-7.0630638000e+01,-3.3437706000e+01
3.1806000000e+04,4.2720990500e+05,2.7384510000e+03,9.8070000000e+00,3.9690000000e+00,-7.0624316000e+01,-3.3435502000e+01
3.1807000000e+04,5.9533452000e+05,3.3828020000e+03,1.3667000000e+01,5.5310000000e+00,-7.0619671000e+01,-3.3434567000e+01
3.1808000000e+04,5.8505070200e+05,3.5447570000e+03,1.3431000000e+01,5.4350000000e+00,-7.0615114000e+01,-3.3428178000e+01
3.1809000000e+04,5.5291286000e+05,3.0390310000e+03,1.2693000000e+01,5.1370000000e+00,-7.0611729000e+01,-3.3435198000e+01
3.1810000000e+04,7.2404776900e+05,3.4628070000e+03,1.6622000000e+01,6.7270000000e+00,-7.0606918000e+01,-3.3425419000e+01
3.1811000000e+04,5.0687213800e+05,2.8597670000e+03,1.1636000000e+01,4.7090000000e+00,-7.0604499000e+01,-3.3433961000e+01
3.1812000000e+04,4.2334327400e+05,2.7309440000e+03,9.7190000000e+00,3.9330000000e+00,-7.0599803000e+01,-3.3421474000e+01
3.1813000000e+04,5.5491088800e+05,3.0923390000e+03,1.2739000000e+01,5.1550000000e+00,-7.0596946000e+01,-3.3426379000e+01
3.1814000000e+04,7.0880573600e+05,3.9274310000e+03,1.6272000000e+01,6.5850000000e+00,-7.0593641000e+01,-3.3430233000e+01
3.1815000000e+04,5.4952367700e+05,3.0226370000e+03,1.2615000000e+01,5.1050000000e+00,-7.0628957000e+01,-3.3444912000e+01
3.1816000000e+04,1.0290272710e+06,4.2256790000e+03,2.3623000000e+01,9.5600000000e+00,-7.0620087000e+01,-3.3443701000e+01
3.1817000000e+04,6.2095899700e+05,3.1293680000e+03,1.4255000000e+01,5.7690000000e+00,-7.0610183000e+01,-3.3442379000e+01
3.1818000000e+04,5.3260696100e+05,2.9396810000e+03,1.2227000000e+01,4.9480000000e+00,-7.0602614000e+01,-3.3440962000e+01
3.1819000000e+04,4.4125422400e+05,2.7145590000e+03,1.0130000000e+01,4.0990000000e+00,-7.0596705000e+01,-3.3437198000e+01
3.1820000000e+04,4.9417586600e+05,3.1128690000e+03,1.1345000000e+01,4.5910000000e+00,-7.0589896000e+01,-3.3434787000e+01
3.1821000000e+04,5.2817843100e+05,3.0331980000e+03,1.2125000000e+01,4.9070000000e+00,-7.0593481000e+01,-3.3443308000e+01
3.1822000000e+04,4.2047148700e+05,3.0692800000e+03,9.6530000000e+00,3.9060000000e+00,-7.0587127000e+01,-3.3436454000e+01
3.1901000000e+04,1.7872012820e+06,5.8249810000e+03,4.1028000000e+01,1.6604000000e+01,-7.0595013000e+01,-3.3410909000e+01
3.1902000000e+04,6.1722689400e+05,3.6884810000e+03,1.4170000000e+01,5.7340000000e+00,-7.0577178000e+01,-3.3401502000e+01
3.1903000000e+04,2.1186934300e+05,2.3406530000e+03,4.8640000000e+00,1.9680000000e+00,-7.0573232000e+01,-3.3404309000e+01
3.1904000000e+04,4.1875803000e+05,2.7992280000e+03,9.6130000000e+00,3.8900000000e+00,-7.0565324000e+01,-3.3401069000e+01
3.1905000000e+04,6.5873168800e+05,3.8194570000e+03,1.5122000000e+01,6.1200000000e+00,-7.0560838000e+01,-3.3395613000e+01
3.1906000000e+04,4.3360289200e+05,2.7517110000e+03,9.9540000000e+00,4.0280000000e+00,-7.0549263000e+01,-3.3393754000e+01
3.1907000000e+04,3.6660114100e+05,2.9195730000e+03,8.4160000000e+00,3.4060000000e+00,-7.0542311000e+01,-3.3389532000e+01
3.1908000000e+04,7.5680114400e+05,4.0851880000e+03,1.7374000000e+01,7.0310000000e+00,-7.0533983000e+01,-3.3388523000e+01
3.1909000000e+04,1.9438699310e+06,5.6510010000e+03,4.4625000000e+01,1.8059000000e+01,-7.0522548000e+01,-3.3380994000e+01
3.1910000000e+04,5.0469408640e+06,1.1545094000e+04,1.1586200000e+02,4.6888000000e+01,-7.0494019000e+01,-3.3381246000e+01
3.1911000000e+04,3.5505024190e+06,9.6296520000e+03,8.1508000000e+01,3.2985000000e+01,-7.0485321000e+01,-3.3372224000e+01
3.1912000000e+04,1.1962004300e+06,5.1371460000e+03,2.7461000000e+01,1.1113000000e+01,-7.0576697000e+01,-3.3409021000e+01
3.1913000000e+04,8.4535011200e+05,4.7005890000e+03,1.9407000000e+01,7.8540000000e+00,-7.0559392000e+01,-3.3402714000e+01
3.1914000000e+04,7.0644985600e+05,3.9383780000e+03,1.6218000000e+01,6.5630000000e+00,-7.0553765000e+01,-3.3402828000e+01
3.1915000000e+04,1.9412390400e+05,1.7754120000e+03,4.4560000000e+00,1.8030000000e+00,-7.0547044000e+01,-3.3396690000e+01
3.1916000000e+04,1.3838263510e+06,5.6349290000e+03,3.1768000000e+01,1.2856000000e+01,-7.0543718000e+01,-3.3400320000e+01
3.1917000000e+04,9.6410358400e+05,3.9498790000e+03,2.2133000000e+01,8.9570000000e+00,-7.0534845000e+01,-3.3397330000e+01
3.1918000000e+04,2.9872157450e+06,9.7003690000e+03,6.8577000000e+01,2.7752000000e+01,-7.0522659000e+01,-3.3393872000e+01
3.1919000000e+04,2.1429909130e+06,8.5336380000e+03,4.9196000000e+01,1.9909000000e+01,-7.0496075000e+01,-3.3390557000e+01
3.1920000000e+04,4.0919795920e+06,9.1206550000e+03,9.3939000000e+01,3.8016000000e+01,-7.0506034000e+01,-3.3404475000e+01
3.1922000000e+04,8.1074924300e+05,4.0846340000e+03,1.8612000000e+01,7.5320000000e+00,-7.0591394000e+01,-3.3417707000e+01
3.1923000000e+04,7.1191742500e+05,3.8722530000e+03,1.6343000000e+01,6.6140000000e+00,-7.0587582000e+01,-3.3422318000e+01
3.1924000000e+04,8.9959145600e+05,3.9337290000e+03,2.0652000000e+01,8.3580000000e+00,-7.0577664000e+01,-3.3417197000e+01
3.1925000000e+04,7.3105751900e+05,3.4415320000e+03,1.6783000000e+01,6.7920000000e+00,-7.0569667000e+01,-3.3413509000e+01
3.1926000000e+04,1.3039714490e+06,4.5654410000e+03,2.9935000000e+01,1.2114000000e+01,-7.0558878000e+01,-3.3412615000e+01
3.1927000000e+04,1.0873710890e+06,4.2662150000e+03,2.4963000000e+01,1.0102000000e+01,-7.0545366000e+01,-3.3412824000e+01
3.1928000000e+04,6.0339408400e+05,3.6979850000e+03,1.3852000000e+01,5.6060000000e+00,-7.0535218000e+01,-3.3411990000e+01
3.1929000000e+04,4.8832883640e+06,1.1076499000e+04,1.1210500000e+02,4.5367000000e+01,-7.0522773000e+01,-3.3417798000e+01
3.1930000000e+04,8.7967723200e+05,3.8977140000e+03,2.0195000000e+01,8.1730000000e+00,-7.0582287000e+01,-3.3427416000e+01
3.1931000000e+04,7.2791284400e+05,3.7784030000e+03,1.6711000000e+01,6.7630000000e+00,-7.0574058000e+01,-3.3424745000e+01
3.1932000000e+04,8.8703343800e+05,4.2218910000e+03,2.0363000000e+01,8.2410000000e+00,-7.0567071000e+01,-3.3423577000e+01
3.1933000000e+04,1.4354389870e+06,5.0996460000e+03,3.2953000000e+01,1.3336000000e+01,-7.0558318000e+01,-3.3423550000e+01
3.1934000000e+04,8.2718693500e+05,4.0448700000e+03,1.8990000000e+01,7.6850000000e+00,-7.0547868000e+01,-3.3424279000e+01
3.1935000000e+04,1.1619707280e+06,4.7893580000e+03,2.6675000000e+01,1.0795000000e+01,-7.0544537000e+01,-3.3422656000e+01
3.1936000000e+04,1.4861164220e+06,5.3856260000e+03,3.4117000000e+01,1.3807000000e+01,-7.0533733000e+01,-3.3424591000e+01
3.2001000000e+04,3.8709534200e+05,2.7636030000e+03,8.8860000000e+00,3.5960000000e+00,-7.0625403000e+01,-3.3450522000e+01
3.2002000000e+04,4.6387880600e+05,2.9477660000e+03,1.0649000000e+01,4.3100000000e+00,-7.0616691000e+01,-3.3450167000e+01
3.2003000000e+04,6.1542758300e+05,3.1547010000e+03,1.4128000000e+01,5.7180000000e+00,-7.0608681000e+01,-3.3449500000e+01
3.2004000000e+04,5.3228025300e+05,3.3965850000e+03,1.2219000000e+01,4.9450000000e+00,-7.0598127000e+01,-3.3447341000e+01
3.2005000000e+04,5.9150879400e+05,3.2456520000e+03,1.3579000000e+01,5.4950000000e+00,-7.0598995000e+01,-3.3451645000e+01
3.2006000000e+04,7.2256970100e+05,3.5881390000e+03,1.6588000000e+01,6.7130000000e+00,-7.0578641000e+01,-3.3438248000e+01
3.2007000000e+04,5.5520133000e+05,3.3041610000e+03,1.2746000000e+01,5.1580000000e+00,-7.0587379000e+01,-3.3443083000e+01
3.2008000000e+04,3.9637784300e+05,2.6010450000e+03,9.1000000000e+00,3.6820000000e+00,-7.0581077000e+01,-3.3444418000e+01
3.2009000000e+04,3.7517768000e+05,2.5375300000e+03,8.6130000000e+00,3.4860000000e+00,-7.0574635000e+01,-3.3445082000e+01
3.2010000000e+04,6.1333258500e+05,3.1165860000e+03,1.4080000000e+01,5.6980000000e+00,-7.0588884000e+01,-3.3451724000e+01
3.2011000000e+04,8.9072219100e+05,4.0826570000e+03,2.0448000000e+01,8.2750000000e+00,-7.0577612000e+01,-3.3451507000e+01
3.2012000000e+04,4.8819907800e+05,3.5599680000e+03,1.1208000000e+01,4.5360000000e+00,-7.0623216000e+01,-3.3454631000e+01
3.2013000000e+04,6.2286501200e+05,3.3489700000e+03,1.4299000000e+01,5.7870000000e+00,-7.0610864000e+01,-3.3455713000e+01
3.2014000000e+04,6.2003903700e+05,3.8542090000e+03,1.4234000000e+01,5.7600000000e+00,-7.0621748000e+01,-3.3458738000e+01
3.2015000000e+04,3.6528867700e+05,2.7127900000e+03,8.3860000000e+00,3.3940000000e+00,-7.0610636000e+01,-3.3459805000e+01
3.2016000000e+04,7.3178620900e+05,3.4435610000e+03,1.6799000000e+01,6.7990000000e+00,-7.0601328000e+01,-3.3459137000e+01
3.2017000000e+04,7.6065542800e+05,3.6112620000e+03,1.7462000000e+01,7.0670000000e+00,-7.0593327000e+01,-3.3459803000e+01
3.2018000000e+04,6.1271328900e+05,3.4954240000e+03,1.4066000000e+01,5.6920000000e+00,-7.0586268000e+01,-3.3460065000e+01
3.2019000000e+04,6.4128956000e+05,3.3931920000e+03,1.4722000000e+01,5.9580000000e+00,-7.0576792000e+01,-3.3456429000e+01
3.2020000000e+04,3.2759094700e+05,2.5148270000e+03,7.5200000000e+00,3.0430000000e+00,-7.0582368000e+01,-3.3462544000e+01
3.2021000000e+04,5.8804570000e+05,3.2236390000e+03,1.3500000000e+01,5.4630000000e+00,-7.0576601000e+01,-3.3463703000e+01
3.2022000000e+04,4.0042427400e+05,2.9437790000e+03,9.1920000000e+00,3.7200000000e+00,-7.0624003000e+01,-3.3466107000e+01
3.2023000000e+04,3.8402935700e+05,2.5414490000e+03,8.8160000000e+00,3.5680000000e+00,-7.0618490000e+01,-3.3463496000e+01
3.2024000000e+04,3.0030143600e+05,2.5000430000e+03,6.8940000000e+00,2.7900000000e+00,-7.0617383000e+01,-3.3468108000e+01
3.2025000000e+04,7.7897116200e+05,3.9363030000e+03,1.7883000000e+01,7.2370000000e+00,-7.0611048000e+01,-3.3466048000e+01
3.2026000000e+04,6.6898538100e+05,3.9751440000e+03,1.5358000000e+01,6.2150000000e+00,-7.0614385000e+01,-3.3472346000e+01
3.2027000000e+04,8.4389862100e+05,3.8313210000e+03,1.9373000000e+01,7.8400000000e+00,-7.0601921000e+01,-3.3467989000e+01
3.2028000000e+04,6.0535384500e+05,3.5353580000e+03,1.3897000000e+01,5.6240000000e+00,-7.0592944000e+01,-3.3469100000e+01
3.2029000000e+04,4.6553471900e+05,2.8978160000e+03,1.0687000000e+01,4.3250000000e+00,-7.0589343000e+01,-3.3468861000e+01
3.2030000000e+04,4.6786823300e+05,2.8693160000e+03,1.0741000000e+01,4.3470000000e+00,-7.0581567000e+01,-3.3469561000e+01
3.2101000000e+04,5.5242817900e+05,3.3173780000e+03,1.2682000000e+01,5.1320000000e+00,-7.0577851000e+01,-3.3434232000e+01
3.2102000000e+04,8.4138749000e+05,3.8846450000e+03,1.9316000000e+01,7.8170000000e+00,-7.0565587000e+01,-3.3434272000e+01
3.2103000000e+04,7.1537167100e+05,3.7737330000e+03,1.6423000000e+01,6.6460000000e+00,-7.0554961000e+01,-3.3434616000e+01
3.2104000000e+04,6.2091395900e+05,3.5107010000e+03,1.4254000000e+01,5.7690000000e+00,-7.0544177000e+01,-3.3431786000e+01
3.2105000000e+04,3.6897097700e+05,3.1051740000e+03,8.4700000000e+00,3.4280000000e+00,-7.0568212000e+01,-3.3442944000e+01
3.2106000000e+04,6.2394521800e+05,4.0111910000e+03,1.4324000000e+01,5.7970000000e+00,-7.0564156000e+01,-3.3439674000e+01
3.2107000000e+04,9.7570385100e+05,4.4819390000e+03,2.2399000000e+01,9.0650000000e+00,-7.0559560000e+01,-3.3443389000e+01
3.2108000000e+04,1.3068760770e+06,5.0477600000e+03,3.0002000000e+01,1.2141000000e+01,-7.0542730000e+01,-3.3437966000e+01
3.2109000000e+04,3.3606943000e+06,9.0577450000e+03,7.7151000000e+01,3.1222000000e+01,-7.0527143000e+01,-3.3445278000e+01
3.2111000000e+04,5.6992810800e+05,3.1658430000e+03,1.3084000000e+01,5.2950000000e+00,-7.0564595000e+01,-3.3450120000e+01
3.2112000000e+04,4.7942191100e+05,3.3218670000e+03,1.1006000000e+01,4.4540000000e+00,-7.0557127000e+01,-3.3448900000e+01
3.2113000000e+04,1.2103382200e+06,4.7104940000e+03,2.7786000000e+01,1.1244000000e+01,-7.0543736000e+01,-3.3446308000e+01
3.2114000000e+04,9.1132297000e+05,5.0339680000e+03,2.0921000000e+01,8.4670000000e+00,-7.0536890000e+01,-3.3446662000e+01
3.2115000000e+04,5.0351010300e+05,2.8217920000e+03,1.1559000000e+01,4.6780000000e+00,-7.0567691000e+01,-3.3456940000e+01
3.2116000000e+04,3.1664857600e+05,2.3214130000e+03,7.2690000000e+00,2.9420000000e+00,-7.0560040000e+01,-3.3454423000e+01
3.2117000000e+04,6.6407898800e+05,3.3950730000e+03,1.5245000000e+01,6.1700000000e+00,-7.0557825000e+01,-3.3459070000e+01
3.2118000000e+04,7.2303792200e+05,3.8156970000e+03,1.6599000000e+01,6.7170000000e+00,-7.0552676000e+01,-3.3456440000e+01
3.2119000000e+04,4.7593009400e+05,3.4694950000e+03,1.0926000000e+01,4.4220000000e+00,-7.0546556000e+01,-3.3456756000e+01
3.2120000000e+04,1.1040573330e+06,4.4678590000e+03,2.5346000000e+01,1.0257000000e+01,-7.0536241000e+01,-3.3454918000e+01
3.2121000000e+04,8.9158993200e+05,4.4300970000e+03,2.0468000000e+01,8.2830000000e+00,-7.0537942000e+01,-3.3461620000e+01
4.2201000000e+04,2.2473734000e+05,1.9367030000e+03,5.1590000000e+00,2.0880000000e+00,-7.0677845000e+01,-3.3429690000e+01
4.2202000000e+04,3.3222455900e+05,2.3870540000e+03,7.6270000000e+00,3.0860000000e+00,-7.0672396000e+01,-3.3429515000e+01
4.2203000000e+04,5.7114116900e+05,3.3876500000e+03,1.3112000000e+01,5.3060000000e+00,-7.0665587000e+01,-3.3429476000e+01
4.2204000000e+04,2.7091601000e+05,2.3495670000e+03,6.2190000000e+00,2.5170000000e+00,-7.0658402000e+01,-3.3432924000e+01
4.2205000000e+04,3.2768098400e+05,2.4623690000e+03,7.5230000000e+00,3.0440000000e+00,-7.0654385000e+01,-3.3433649000e+01
4.2206000000e+04,3.1759486300e+05,2.3170160000e+03,7.2910000000e+00,2.9510000000e+00,-7.0649534000e+01,-3.3433979000e+01
4.2207000000e+04,2.3162413600e+05,2.0024790000e+03,5.3170000000e+00,2.1520000000e+00,-7.0644572000e+01,-3.3434956000e+01
4.2208000000e+04,3.6841530300e+05,2.5711490000e+03,8.4580000000e+00,3.4230000000e+00,-7.0638669000e+01,-3.3437004000e+01
4.2209000000e+04,3.2105245900e+05,2.2691710000e+03,7.3700000000e+00,2.9830000000e+00,-7.0676810000e+01,-3.3435237000e+01
4.2211000000e+04,3.5759085500e+05,2.4794080000e+03,8.2090000000e+00,3.3220000000e+00,-7.0663955000e+01,-3.3435422000e+01
4.2212000000e+04,6.6481888100e+05,3.4427980000e+03,1.5262000000e+01,6.1760000000e+00,-7.0685066000e+01,-3.3441235000e+01
4.2213000000e+04,3.1745120800e+05,2.2563600000e+03,7.2880000000e+00,2.9490000000e+00,-7.0676344000e+01,-3.3440781000e+01
4.2214000000e+04,3.1016976300e+05,2.2387630000e+03,7.1210000000e+00,2.8820000000e+00,-7.0670528000e+01,-3.3440277000e+01
4.2215000000e+04,3.8970233400e+05,2.5307880000e+03,8.9460000000e+00,3.6200000000e+00,-7.0663623000e+01,-3.3439630000e+01
4.2216000000e+04,3.8986254300e+05,2.5714290000e+03,8.9500000000e+00,3.6220000000e+00,-7.0675521000e+01,-3.3446880000e+01
4.2217000000e+04,3.4163036600e+05,2.3577830000e+03,7.8430000000e+00,3.1740000000e+00,-7.0669985000e+01,-3.3445682000e+01
4.2218000000e+04,3.8053286700e+05,2.4979120000e+03,8.7360000000e+00,3.5350000000e+00,-7.0663479000e+01,-3.3444556000e+01
4.2219000000e+04,3.7224993600e+05,2.7891240000e+03,8.5460000000e+00,3.4580000000e+00,-7.0657401000e+01,-3.3441448000e+01
4.2220000000e+04,3.0996888600e+05,2.3494810000e+03,7.1160000000e+00,2.8800000000e+00,-7.0653574000e+01,-3.3441160000e+01
4.2221000000e+04,3.6260604400e+05,2.4541360000e+03,8.3240000000e+00,3.3690000000e+00,-7.0648786000e+01,-3.3440339000e+01
4.2222000000e+04,1.9561643000e+05,1.7706840000e+03,4.4910000000e+00,1.8170000000e+00,-7.0643687000e+01,-3.3440033000e+01
4.2223000000e+04,5.0192922200e+05,2.9464650000e+03,1.1523000000e+01,4.6630000000e+00,-7.0674492000e+01,-3.3453728000e+01
4.2224000000e+04,7.8465004400e+05,3.6508640000e+03,1.8013000000e+01,7.2900000000e+00,-7.0667731000e+01,-3.3452668000e+01
4.2225000000e+04,6.7002677200e+05,3.6374670000e+03,1.5382000000e+01,6.2250000000e+00,-7.0660155000e+01,-3.3452315000e+01
4.2226000000e+04,4.0827045700e+05,2.8258250000e+03,9.3730000000e+00,3.7930000000e+00,-7.0656748000e+01,-3.3449671000e+01
4.2227000000e+04,4.2271949300e+05,3.1657930000e+03,9.7040000000e+00,3.9270000000e+00,-7.0652227000e+01,-3.3449123000e+01
4.2228000000e+04,4.0057710600e+05,2.5624820000e+03,9.1960000000e+00,3.7210000000e+00,-7.0647383000e+01,-3.3446436000e+01
4.2229000000e+04,4.1610686500e+05,2.8064550000e+03,9.5520000000e+00,3.8660000000e+00,-7.0640728000e+01,-3.3443914000e+01
4.2230000000e+04,2.3197771300e+05,1.9558500000e+03,5.3250000000e+00,2.1550000000e+00,-7.0636595000e+01,-3.3439858000e+01
4.2231000000e+04,2.3667722200e+05,1.9595700000e+03,5.4330000000e+00,2.1990000000e+00,-7.0646602000e+01,-3.3451648000e+01
4.2232000000e+04,6.0521389800e+05,3.1662220000e+03,1.3894000000e+01,5.6230000000e+00,-7.0638957000e+01,-3.3449007000e+01
4.2233000000e+04,3.3704194500e+05,2.8768960000e+03,7.7370000000e+00,3.1310000000e+00,-7.0633670000e+01,-3.3446636000e+01
4.2234000000e+04,5.7637166700e+05,3.1163620000e+03,1.3232000000e+01,5.3550000000e+00,-7.0674518000e+01,-3.3462258000e+01
4.2235000000e+04,5.3491196200e+05,3.8801640000e+03,1.2280000000e+01,4.9700000000e+00,-7.0670974000e+01,-3.3470924000e+01
4.2236000000e+04,9.7947358800e+05,4.1464420000e+03,2.2486000000e+01,9.1000000000e+00,-7.0667110000e+01,-3.3463558000e+01
4.2238000000e+04,4.4480823500e+05,2.8232640000e+03,1.0211000000e+01,4.1320000000e+00,-7.0653038000e+01,-3.3457079000e+01
4.2239000000e+04,3.2870074200e+05,2.3097170000e+03,7.5460000000e+00,3.0540000000e+00,-7.0645986000e+01,-3.3456206000e+01
4.2240000000e+04,6.5978414400e+05,3.5035600000e+03,1.5147000000e+01,6.1300000000e+00,-7.0636241000e+01,-3.3454760000e+01
4.2241000000e+04,4.0582398400e+05,2.8814530000e+03,9.3160000000e+00,3.7700000000e+00,-7.0666874000e+01,-3.3473391000e+01
4.2243000000e+04,3.3968435900e+05,2.4020050000e+03,7.7980000000e+00,3.1560000000e+00,-7.0652300000e+01,-3.3461846000e+01
4.2244000000e+04,4.8805087600e+05,2.7756900000e+03,1.1204000000e+01,4.5340000000e+00,-7.0651996000e+01,-3.3466830000e+01
4.2245000000e+04,5.0708739600e+05,3.1082930000e+03,1.1641000000e+01,4.7110000000e+00,-7.0651521000e+01,-3.3473418000e+01
4.2246000000e+04,6.7447059500e+05,3.4811090000e+03,1.5484000000e+01,6.2660000000e+00,-7.0645017000e+01,-3.3463840000e+01
4.2247000000e+04,5.5396794100e+05,3.0841150000e+03,1.2717000000e+01,5.1470000000e+00,-7.0636948000e+01,-3.3459429000e+01
4.2248000000e+04,4.8348176200e+05,2.8042880000e+03,1.1099000000e+01,4.4920000000e+00,-7.0637683000e+01,-3.3465353000e+01
4.2249000000e+04,7.1718032400e+05,4.0409820000e+03,1.6464000000e+01,6.6630000000e+00,-7.0630338000e+01,-3.3461634000e+01
4.2250000000e+04,5.3032749700e+05,2.9947490000e+03,1.2175000000e+01,4.9270000000e+00,-7.0644519000e+01,-3.3473137000e+01
4.2251000000e+04,7.3985843000e+05,4.8776790000e+03,1.6985000000e+01,6.8740000000e+00,-7.0632389000e+01,-3.3471538000e+01
4.2252000000e+04,2.6775288100e+05,2.0901330000e+03,6.1470000000e+00,2.4880000000e+00,-7.0628849000e+01,-3.3469559000e+01
5.2301000000e+04,6.4428603700e+05,3.9080300000e+03,1.4791000000e+01,5.9860000000e+00,-7.0684189000e+01,-3.3482958000e+01
5.2302000000e+04,8.5298853800e+05,4.3134970000e+03,1.9582000000e+01,7.9250000000e+00,-7.0674626000e+01,-3.3481148000e+01
5.2304000000e+04,3.6679847900e+05,3.0704740000e+03,8.4210000000e+00,3.4080000000e+00,-7.0661850000e+01,-3.3480553000e+01
5.2305000000e+04,6.2574517700e+05,3.2697780000e+03,1.4365000000e+01,5.8130000000e+00,-7.0685990000e+01,-3.3492188000e+01
5.2306000000e+04,6.2323760100e+05,3.3183090000e+03,1.4308000000e+01,5.7900000000e+00,-7.0676458000e+01,-3.3488450000e+01
5.2307000000e+04,8.3072000500e+05,4.0437980000e+03,1.9071000000e+01,7.7180000000e+00,-7.0667762000e+01,-3.3486105000e+01
5.2309000000e+04,3.5047009400e+05,2.4223150000e+03,8.0460000000e+00,3.2560000000e+00,-7.0664227000e+01,-3.3492081000e+01
5.2310000000e+04,6.9735445900e+05,3.9439760000e+03,1.6009000000e+01,6.4790000000e+00,-7.0669515000e+01,-3.3494343000e+01
5.2311000000e+04,5.7050080200e+05,3.4288060000e+03,1.3097000000e+01,5.3000000000e+00,-7.0691066000e+01,-3.3500010000e+01
5.2312000000e+04,7.0540318200e+05,3.7405320000e+03,1.6194000000e+01,6.5530000000e+00,-7.0686852000e+01,-3.3502041000e+01
5.2313000000e+04,4.5384048600e+05,3.1486550000e+03,1.0419000000e+01,4.2160000000e+00,-7.0679375000e+01,-3.3495360000e+01
5.2314000000e+04,5.6595599800e+05,3.4804690000e+03,1.2993000000e+01,5.2580000000e+00,-7.0671826000e+01,-3.3498912000e+01
5.2401000000e+04,6.9372990100e+05,3.4976020000e+03,1.5926000000e+01,6.4450000000e+00,-7.0652592000e+01,-3.3481995000e+01
5.2402000000e+04,7.4329564200e+05,3.6185160000e+03,1.7064000000e+01,6.9050000000e+00,-7.0644694000e+01,-3.3482565000e+01
5.2403000000e+04,5.3575687300e+05,3.1020630000e+03,1.2299000000e+01,4.9770000000e+00,-7.0655052000e+01,-3.3487997000e+01
5.2404000000e+04,7.4168981900e+05,3.5538120000e+03,1.7027000000e+01,6.8910000000e+00,-7.0645042000e+01,-3.3490498000e+01
5.2405000000e+04,4.5152545500e+05,2.8405930000e+03,1.0366000000e+01,4.1950000000e+00,-7.0656678000e+01,-3.3492934000e+01
5.2406000000e+04,5.1012566500e+05,3.3313550000e+03,1.1711000000e+01,4.7390000000e+00,-7.0645331000e+01,-3.3495625000e+01
5.2407000000e+04,7.8863626800e+05,3.6210470000e+03,1.8105000000e+01,7.3270000000e+00,-7.0658758000e+01,-3.3498575000e+01
5.2408000000e+04,1.2118068290e+06,4.6115160000e+03,2.7819000000e+01,1.1258000000e+01,-7.0645991000e+01,-3.3501262000e+01
5.2409000000e+04,7.6260471500e+05,3.6070290000e+03,1.7507000000e+01,7.0850000000e+00,-7.0661057000e+01,-3.3504772000e+01
5.2410000000e+04,7.6333070300e+05,3.7683930000e+03,1.7524000000e+01,7.0920000000e+00,-7.0648764000e+01,-3.3507443000e+01
5.2412000000e+04,7.0160196800e+05,3.5924710000e+03,1.6107000000e+01,6.5180000000e+00,-7.0663063000e+01,-3.3510109000e+01
5.2413000000e+04,6.4131793800e+05,3.2789450000e+03,1.4723000000e+01,5.9580000000e+00,-7.0651378000e+01,-3.3512639000e+01
5.2414000000e+04,6.0222686700e+05,3.1687350000e+03,1.3825000000e+01,5.5950000000e+00,-7.0641422000e+01,-3.3514736000e+01
5.2501000000e+04,8.5335585600e+05,3.7210370000e+03,1.9590000000e+01,7.9280000000e+00,-7.0635579000e+01,-3.3478209000e+01
5.2502000000e+04,6.3975925400e+05,3.2852870000e+03,1.4687000000e+01,5.9440000000e+00,-7.0626323000e+01,-3.3475989000e+01
5.2504000000e+04,3.3376187100e+05,2.8083660000e+03,7.6620000000e+00,3.1010000000e+00,-7.0636438000e+01,-3.3491553000e+01
5.2505000000e+04,7.6065338000e+05,4.9772570000e+03,1.7462000000e+01,7.0670000000e+00,-7.0632135000e+01,-3.3489044000e+01
5.2506000000e+04,6.4592194400e+05,3.5906970000e+03,1.4828000000e+01,6.0010000000e+00,-7.0624552000e+01,-3.3482991000e+01
5.2507000000e+04,6.7115395800e+05,3.4177740000e+03,1.5408000000e+01,6.2350000000e+00,-7.0622880000e+01,-3.3487952000e+01
5.2508000000e+04,5.6464115300e+05,3.2268640000e+03,1.2962000000e+01,5.2460000000e+00,-7.0622238000e+01,-3.3493743000e+01
5.2509000000e+04,3.1593982500e+05,2.2635760000e+03,7.2530000000e+00,2.9350000000e+00,-7.0636032000e+01,-3.3498010000e+01
5.2511000000e+04,4.7577977900e+05,3.5450860000e+03,1.0922000000e+01,4.4200000000e+00,-7.0624057000e+01,-3.3501735000e+01
5.2513000000e+04,3.5584390300e+05,2.4110810000e+03,8.1690000000e+00,3.3060000000e+00,-7.0635415000e+01,-3.3503718000e+01
5.2515000000e+04,4.9151311800e+05,2.9344860000e+03,1.1284000000e+01,4.5660000000e+00,-7.0617466000e+01,-3.3504305000e+01
5.2517000000e+04,5.7354896900e+05,3.3591880000e+03,1.3167000000e+01,5.3280000000e+00,-7.0630040000e+01,-3.3515371000e+01
5.2519000000e+04,5.2914837700e+05,3.1467350000e+03,1.2148000000e+01,4.9160000000e+00,-7.0620689000e+01,-3.3511754000e+01
5.2601000000e+04,5.7029105700e+05,3.0252550000e+03,1.3092000000e+01,5.2980000000e+00,-7.0694026000e+01,-3.3509104000e+01
5.2602000000e+04,4.4511793200e+05,2.7508720000e+03,1.0219000000e+01,4.1350000000e+00,-7.0688288000e+01,-3.3511447000e+01
5.2603000000e+04,7.3229324600e+05,3.6329190000e+03,1.6811000000e+01,6.8030000000e+00,-7.0679000000e+01,-3.3514663000e+01
5.2604000000e+04,7.9075195000e+05,3.8121810000e+03,1.8153000000e+01,7.3460000000e+00,-7.0697681000e+01,-3.3517633000e+01
5.2605000000e+04,5.2373568100e+05,2.8978600000e+03,1.2023000000e+01,4.8660000000e+00,-7.0690413000e+01,-3.3518202000e+01
5.2606000000e+04,7.3202653700e+05,3.5039260000e+03,1.6805000000e+01,6.8010000000e+00,-7.0680767000e+01,-3.3520457000e+01
5.2607000000e+04,4.4804304000e+05,2.7523150000e+03,1.0286000000e+01,4.1620000000e+00,-7.0691999000e+01,-3.3524006000e+01
5.2609000000e+04,8.3875634200e+05,3.7500010000e+03,1.9255000000e+01,7.7920000000e+00,-7.0700637000e+01,-3.3526435000e+01
5.2610000000e+04,8.5580386000e+05,3.7628160000e+03,1.9647000000e+01,7.9510000000e+00,-7.0694388000e+01,-3.3530741000e+01
5.2611000000e+04,6.5186287700e+05,3.2521340000e+03,1.4965000000e+01,6.0560000000e+00,-7.0685683000e+01,-3.3533549000e+01
5.2701000000e+04,6.4751408400e+05,3.5977130000e+03,1.4865000000e+01,6.0160000000e+00,-7.0664778000e+01,-3.3514483000e+01
5.2702000000e+04,7.1966374000e+05,3.6930080000e+03,1.6521000000e+01,6.6860000000e+00,-7.0651379000e+01,-3.3518265000e+01
5.2703000000e+04,6.0086518700e+05,3.2133090000e+03,1.3794000000e+01,5.5820000000e+00,-7.0670027000e+01,-3.3519481000e+01
5.2704000000e+04,5.0744360700e+05,2.9071280000e+03,1.1649000000e+01,4.7140000000e+00,-7.0662579000e+01,-3.3521671000e+01
5.2705000000e+04,5.6754105000e+05,3.4537670000e+03,1.3029000000e+01,5.2730000000e+00,-7.0652601000e+01,-3.3522630000e+01
5.2706000000e+04,4.0407731800e+05,3.1908960000e+03,9.2760000000e+00,3.7540000000e+00,-7.0653615000e+01,-3.3525811000e+01
5.2707000000e+04,1.1365213710e+06,4.6124570000e+03,2.6091000000e+01,1.0559000000e+01,-7.0669473000e+01,-3.3527072000e+01
5.2708000000e+04,5.4108071900e+05,3.0457730000e+03,1.2422000000e+01,5.0270000000e+00,-7.0658142000e+01,-3.3530568000e+01
5.2709000000e+04,7.3000308100e+05,3.7631270000e+03,1.6759000000e+01,6.7820000000e+00,-7.0651753000e+01,-3.3533506000e+01
5.2710000000e+04,8.3926603500e+05,4.4069660000e+03,1.9267000000e+01,7.7970000000e+00,-7.0671665000e+01,-3.3532198000e+01
5.2711000000e+04,3.3513623300e+05,2.3496750000e+03,7.6940000000e+00,3.1140000000e+00,-7.0659360000e+01,-3.3535887000e+01
5.2712000000e+04,5.3086724300e+05,2.9593850000e+03,1.2187000000e+01,4.9320000000e+00,-7.0679109000e+01,-3.3535970000e+01
5.2713000000e+04,4.8081108700e+05,2.8148060000e+03,1.1038000000e+01,4.4670000000e+00,-7.0672076000e+01,-3.3538122000e+01
5.2714000000e+04,2.7833284200e+05,2.2238450000e+03,6.3900000000e+00,2.5860000000e+00,-7.0666489000e+01,-3.3539625000e+01
5.2715000000e+04,7.2532836200e+05,3.7154810000e+03,1.6651000000e+01,6.7390000000e+00,-7.0657668000e+01,-3.3540944000e+01
5.2716000000e+04,3.2090997800e+05,4.0028720000e+03,7.3670000000e+00,2.9810000000e+00,-7.0675358000e+01,-3.3541444000e+01
5.2717000000e+04,5.7631161500e+05,3.5513430000e+03,1.3230000000e+01,5.3540000000e+00,-7.0659627000e+01,-3.3545444000e+01
5.2801000000e+04,3.3695764000e+05,2.5104760000e+03,7.7350000000e+00,3.1300000000e+00,-7.0640216000e+01,-3.3519723000e+01
5.2802000000e+04,2.9576918000e+05,2.4870670000e+03,6.7900000000e+00,2.7480000000e+00,-7.0640401000e+01,-3.3523056000e+01
5.2803000000e+04,3.2052837000e+05,2.7394970000e+03,7.3580000000e+00,2.9780000000e+00,-7.0640660000e+01,-3.3525517000e+01
5.2804000000e+04,2.7882759300e+05,2.8776260000e+03,6.4010000000e+00,2.5900000000e+00,-7.0640841000e+01,-3.3528103000e+01
5.2805000000e+04,5.6520920100e+05,3.5286940000e+03,1.2975000000e+01,5.2510000000e+00,-7.0646724000e+01,-3.3534385000e+01
5.2806000000e+04,3.8591580900e+05,2.6925990000e+03,8.8590000000e+00,3.5850000000e+00,-7.0639351000e+01,-3.3531424000e+01
5.2807000000e+04,4.8002247300e+05,2.9042320000e+03,1.1020000000e+01,4.4600000000e+00,-7.0638978000e+01,-3.3535664000e+01
5.2808000000e+04,3.6584610700e+05,2.9450170000e+03,8.3990000000e+00,3.3990000000e+00,-7.0639339000e+01,-3.3539571000e+01
5.2809000000e+04,7.7999395700e+05,3.6485060000e+03,1.7906000000e+01,7.2460000000e+00,-7.0647247000e+01,-3.3544388000e+01
5.2811000000e+04,6.6171723900e+05,4.3567720000e+03,1.5191000000e+01,6.1480000000e+00,-7.0633499000e+01,-3.3549810000e+01
5.2812000000e+04,6.7221919900e+05,3.3844230000e+03,1.5432000000e+01,6.2450000000e+00,-7.0648860000e+01,-3.3552094000e+01
5.2901000000e+04,3.8120868600e+05,2.6221580000e+03,8.7510000000e+00,3.5420000000e+00,-7.0630820000e+01,-3.3520010000e+01
5.2902000000e+04,5.4216426100e+05,3.1106010000e+03,1.2446000000e+01,5.0370000000e+00,-7.0622301000e+01,-3.3519273000e+01
5.2905000000e+04,2.9991194900e+05,2.5348280000e+03,6.8850000000e+00,2.7860000000e+00,-7.0630088000e+01,-3.3523363000e+01
5.2906000000e+04,8.8937990700e+05,3.8046230000e+03,2.0417000000e+01,8.2630000000e+00,-7.0628730000e+01,-3.3528374000e+01
5.2907000000e+04,1.1958570000e+06,4.4428250000e+03,2.7453000000e+01,1.1110000000e+01,-7.0616915000e+01,-3.3527195000e+01
5.2909000000e+04,6.2553868300e+05,3.1910260000e+03,1.4360000000e+01,5.8110000000e+00,-7.0624364000e+01,-3.3536015000e+01
5.2911000000e+04,3.9452777800e+05,3.1351950000e+03,9.0570000000e+00,3.6650000000e+00,-7.0626662000e+01,-3.3540744000e+01
5.2912000000e+04,6.0489313700e+05,3.2267220000e+03,1.3886000000e+01,5.6200000000e+00,-7.0615161000e+01,-3.3538008000e+01
5.2913000000e+04,6.8441386700e+05,4.6816170000e+03,1.5712000000e+01,6.3580000000e+00,-7.0623279000e+01,-3.3544463000e+01
5.2914000000e+04,5.3284415500e+05,3.5334790000e+03,1.2232000000e+01,4.9500000000e+00,-7.0614248000e+01,-3.3541731000e+01
5.2915000000e+04,9.3107467200e+05,4.1112770000e+03,2.1375000000e+01,8.6500000000e+00,-7.0627772000e+01,-3.3553068000e+01
5.2916000000e+04,1.2032401440e+06,4.3543870000e+03,2.7623000000e+01,1.1179000000e+01,-7.0618090000e+01,-3.3552113000e+01
5.3007000000e+04,8.9709506000e+05,6.2450200000e+03,2.0594000000e+01,8.3340000000e+00,-7.0770348000e+01,-3.3629896000e+01
5.3101000000e+04,8.1061490020e+06,1.1458144000e+04,1.8609200000e+02,7.5309000000e+01,-7.0723981000e+01,-3.3541184000e+01
5.3102000000e+04,3.0202690090e+06,7.9516380000e+03,6.9336000000e+01,2.8059000000e+01,-7.0696961000e+01,-3.3543911000e+01
5.3103000000e+04,2.8772980170e+06,8.7701330000e+03,6.6054000000e+01,2.6731000000e+01,-7.0698256000e+01,-3.3553409000e+01
5.3104000000e+04,1.3547300784e+07,1.6832686000e+04,3.1100300000e+02,1.2585900000e+02,-7.0742781000e+01,-3.3568283000e+01
5.3105000000e+04,2.4228301944e+07,2.7391934000e+04,5.5620500000e+02,2.2508900000e+02,-7.0732832000e+01,-3.3605343000e+01
5.3106000000e+04,8.6824510100e+05,3.9834560000e+03,1.9932000000e+01,8.0660000000e+00,-7.0704795000e+01,-3.3570104000e+01
5.3107000000e+04,1.8392193010e+06,6.5011930000e+03,4.2223000000e+01,1.7087000000e+01,-7.0707339000e+01,-3.3583961000e+01
5.3108000000e+04,9.6892084400e+05,4.4502430000e+03,2.2243000000e+01,9.0020000000e+00,-7.0698490000e+01,-3.3579210000e+01
5.3109000000e+04,9.8051760500e+05,4.5727910000e+03,2.2510000000e+01,9.1090000000e+00,-7.0684788000e+01,-3.3581916000e+01
5.3110000000e+04,1.6305946720e+06,5.1025740000e+03,3.7433000000e+01,1.5149000000e+01,-7.0670818000e+01,-3.3589256000e+01
5.3111000000e+04,1.1492308840e+06,5.8331970000e+03,2.6383000000e+01,1.0677000000e+01,-7.0687980000e+01,-3.3586162000e+01
5.3112000000e+04,1.1946507010e+06,4.4504350000e+03,2.7425000000e+01,1.1099000000e+01,-7.0703706000e+01,-3.3590919000e+01
5.3115000000e+04,7.1322315600e+05,3.6010430000e+03,1.6373000000e+01,6.6260000000e+00,-7.0703546000e+01,-3.3600132000e+01
5.3116000000e+04,1.5753155140e+06,5.9359600000e+03,3.6164000000e+01,1.4635000000e+01,-7.0688478000e+01,-3.3597825000e+01
5.3117000000e+04,9.1017659200e+05,4.3885790000e+03,2.0895000000e+01,8.4560000000e+00,-7.0705374000e+01,-3.3605038000e+01
5.3118000000e+04,1.7859205930e+06,7.0268730000e+03,4.0999000000e+01,1.6592000000e+01,-7.0689473000e+01,-3.3606771000e+01
5.3119000000e+04,1.6503338770e+06,5.5660360000e+03,3.7886000000e+01,1.5332000000e+01,-7.0706195000e+01,-3.3611127000e+01
5.3120000000e+04,1.1200878620e+06,4.5960050000e+03,2.5714000000e+01,1.0406000000e+01,-7.0689437000e+01,-3.3616482000e+01
5.3121000000e+04,7.7212888080e+06,1.2235576000e+04,1.7725600000e+02,7.1733000000e+01,-7.0693903000e+01,-3.3626834000e+01
5.3122000000e+04,6.6983572060e+06,1.2575103000e+04,1.5377300000e+02,6.2230000000e+01,-7.0686981000e+01,-3.3645833000e+01
5.3123000000e+04,1.8366247878e+07,2.0968709000e+04,4.2163100000e+02,1.7062900000e+02,-7.0655892000e+01,-3.3624404000e+01
5.3201000000e+04,2.6801405000e+05,2.6409900000e+03,6.1530000000e+00,2.4900000000e+00,-7.0682147000e+01,-3.3542780000e+01
5.3202000000e+04,6.9908237200e+05,3.8588160000e+03,1.6049000000e+01,6.4950000000e+00,-7.0675674000e+01,-3.3544980000e+01
5.3203000000e+04,5.4183788900e+05,4.1189180000e+03,1.2439000000e+01,5.0340000000e+00,-7.0686857000e+01,-3.3546510000e+01
5.3204000000e+04,7.5353407600e+05,3.7003480000e+03,1.7299000000e+01,7.0010000000e+00,-7.0677280000e+01,-3.3550996000e+01
5.3205000000e+04,7.7251054200e+05,4.3487910000e+03,1.7734000000e+01,7.1770000000e+00,-7.0672123000e+01,-3.3552589000e+01
5.3206000000e+04,8.1478126200e+05,3.8173430000e+03,1.8705000000e+01,7.5700000000e+00,-7.0660178000e+01,-3.3550127000e+01
5.3207000000e+04,7.1844061600e+05,3.5374060000e+03,1.6493000000e+01,6.6750000000e+00,-7.0664457000e+01,-3.3556577000e+01
5.3209000000e+04,2.6956716330e+06,7.0282180000e+03,6.1884000000e+01,2.5044000000e+01,-7.0686132000e+01,-3.3562775000e+01
5.3210000000e+04,4.8843335000e+05,2.8873490000e+03,1.1213000000e+01,4.5380000000e+00,-7.0675437000e+01,-3.3562219000e+01
5.3211000000e+04,9.8368021900e+05,4.5764210000e+03,2.2582000000e+01,9.1390000000e+00,-7.0663809000e+01,-3.3565569000e+01
5.3212000000e+04,6.6088540000e+05,3.4182440000e+03,1.5172000000e+01,6.1400000000e+00,-7.0678124000e+01,-3.3566721000e+01
5.3213000000e+04,6.6731729900e+05,3.8024270000e+03,1.5319000000e+01,6.2000000000e+00,-7.0665768000e+01,-3.3569615000e+01
5.3214000000e+04,7.3352178100e+05,3.7338680000e+03,1.6839000000e+01,6.8150000000e+00,-7.0680414000e+01,-3.3571785000e+01
5.3215000000e+04,4.1117304500e+05,3.8623850000e+03,9.4390000000e+00,3.8200000000e+00,-7.0697861000e+01,-3.3569874000e+01
5.3216000000e+04,9.4134469000e+05,4.2844100000e+03,2.1610000000e+01,8.7450000000e+00,-7.0682922000e+01,-3.3576661000e+01
5.3217000000e+04,1.6374095520e+06,5.1438790000e+03,3.7590000000e+01,1.5212000000e+01,-7.0667717000e+01,-3.3578013000e+01
5.3301000000e+04,7.8265014500e+05,3.7641080000e+03,1.7967000000e+01,7.2710000000e+00,-7.0649779000e+01,-3.3559128000e+01
5.3302000000e+04,1.1962795440e+06,4.6015150000e+03,2.7463000000e+01,1.1114000000e+01,-7.0637852000e+01,-3.3560962000e+01
5.3303000000e+04,5.3616916900e+05,2.9405300000e+03,1.2309000000e+01,4.9810000000e+00,-7.0625757000e+01,-3.3561864000e+01
5.3304000000e+04,8.7799727000e+05,3.9242290000e+03,2.0156000000e+01,8.1570000000e+00,-7.0616695000e+01,-3.3560200000e+01
5.3306000000e+04,3.7308373430e+06,7.7933480000e+03,8.5648000000e+01,3.4661000000e+01,-7.0619433000e+01,-3.3574669000e+01
5.3308000000e+04,8.0514926600e+05,3.9147080000e+03,1.8484000000e+01,7.4800000000e+00,-7.0651072000e+01,-3.3580501000e+01
5.3309000000e+04,1.0268709550e+06,4.6927190000e+03,2.3574000000e+01,9.5400000000e+00,-7.0637715000e+01,-3.3579037000e+01
5.3310000000e+04,1.2276613960e+06,5.1877760000e+03,2.8183000000e+01,1.1405000000e+01,-7.0638203000e+01,-3.3584465000e+01
5.3311000000e+04,3.3743884680e+06,9.4454830000e+03,7.7465000000e+01,3.1349000000e+01,-7.0646483000e+01,-3.3591743000e+01
5.3312000000e+04,2.1560520310e+06,6.2543450000e+03,4.9496000000e+01,2.0030000000e+01,-7.0617322000e+01,-3.3589548000e+01
5.3314000000e+04,1.7249746390e+06,5.9311820000e+03,3.9600000000e+01,1.6026000000e+01,-7.0616027000e+01,-3.3598307000e+01
5.3315000000e+04,3.5030891400e+06,7.5179030000e+03,8.0420000000e+01,3.2545000000e+01,-7.0635264000e+01,-3.3620352000e+01
6.3401000000e+04,1.5998306630e+06,5.0996700000e+03,3.6727000000e+01,1.4863000000e+01,-7.0614315000e+01,-3.3479797000e+01
6.3402000000e+04,9.3687635100e+05,4.1232210000e+03,2.1508000000e+01,8.7040000000e+00,-7.0602556000e+01,-3.3479150000e+01
6.3403000000e+04,6.5723829000e+05,3.2752220000e+03,1.5088000000e+01,6.1060000000e+00,-7.0592684000e+01,-3.3476458000e+01
6.3405000000e+04,6.3930983000e+05,3.2338660000e+03,1.4677000000e+01,5.9390000000e+00,-7.0593307000e+01,-3.3482647000e+01
6.3407000000e+04,6.1194049200e+05,3.7782550000e+03,1.4048000000e+01,5.6850000000e+00,-7.0612249000e+01,-3.3490623000e+01
6.3408000000e+04,8.4509257000e+05,4.0259900000e+03,1.9401000000e+01,7.8510000000e+00,-7.0607190000e+01,-3.3487653000e+01
6.3409000000e+04,6.8814344900e+05,3.4846980000e+03,1.5798000000e+01,6.3930000000e+00,-7.0592100000e+01,-3.3488087000e+01
6.3410000000e+04,4.9915629100e+05,3.2208220000e+03,1.1459000000e+01,4.6370000000e+00,-7.0585638000e+01,-3.3490889000e+01
6.3411000000e+04,4.8202724700e+05,3.0913970000e+03,1.1066000000e+01,4.4780000000e+00,-7.0605247000e+01,-3.3492612000e+01
6.3412000000e+04,5.7902420500e+05,3.0618990000e+03,1.3293000000e+01,5.3790000000e+00,-7.0610411000e+01,-3.3498387000e+01
6.3413000000e+04,4.2257253700e+05,3.0271540000e+03,9.7010000000e+00,3.9260000000e+00,-7.0603035000e+01,-3.3498044000e+01
6.3414000000e+04,7.0929177300e+05,3.4885510000e+03,1.6283000000e+01,6.5900000000e+00,-7.0593255000e+01,-3.3495084000e+01
6.3415000000e+04,5.1583616700e+05,2.9123950000e+03,1.1842000000e+01,4.7920000000e+00,-7.0609922000e+01,-3.3504545000e+01
6.3417000000e+04,9.9984317100e+05,4.9297900000e+03,2.2953000000e+01,9.2890000000e+00,-7.0594977000e+01,-3.3502022000e+01
6.3418000000e+04,6.0673752300e+05,4.3018230000e+03,1.3929000000e+01,5.6370000000e+00,-7.0589911000e+01,-3.3500594000e+01
6.3501000000e+04,8.4592030600e+05,3.7566680000e+03,1.9420000000e+01,7.8590000000e+00,-7.0570092000e+01,-3.3464643000e+01
6.3502000000e+04,7.7839748600e+05,3.8610940000e+03,1.7870000000e+01,7.2320000000e+00,-7.0557531000e+01,-3.3465248000e+01
6.3503000000e+04,7.8975200500e+05,3.9991760000e+03,1.8130000000e+01,7.3370000000e+00,-7.0559729000e+01,-3.3468638000e+01
6.3504000000e+04,1.3701603480e+06,5.1812110000e+03,3.1455000000e+01,1.2729000000e+01,-7.0546427000e+01,-3.3469007000e+01
6.3505000000e+04,1.1033732260e+06,4.3743650000e+03,2.5330000000e+01,1.0251000000e+01,-7.0536364000e+01,-3.3470157000e+01
6.3507000000e+04,3.2163601350e+06,9.8411580000e+03,7.3837000000e+01,2.9881000000e+01,-7.0516672000e+01,-3.3474625000e+01
6.3508000000e+04,4.4121940400e+05,2.6716060000e+03,1.0129000000e+01,4.0990000000e+00,-7.0572499000e+01,-3.3472807000e+01
6.3509000000e+04,7.8550613700e+05,4.1255150000e+03,1.8033000000e+01,7.2980000000e+00,-7.0562766000e+01,-3.3474188000e+01
6.3510000000e+04,2.7364364400e+05,2.0998280000e+03,6.2820000000e+00,2.5420000000e+00,-7.0574629000e+01,-3.3478086000e+01
6.3511000000e+04,3.6473521500e+05,2.4032620000e+03,8.3730000000e+00,3.3890000000e+00,-7.0569279000e+01,-3.3479688000e+01
6.3512000000e+04,6.8931165300e+05,3.3927460000e+03,1.5824000000e+01,6.4040000000e+00,-7.0561935000e+01,-3.3480971000e+01
6.3513000000e+04,1.6097131400e+06,5.1382640000e+03,3.6954000000e+01,1.4955000000e+01,-7.0550023000e+01,-3.3480983000e+01
6.3514000000e+04,2.7372712880e+06,8.9456880000e+03,6.2839000000e+01,2.5430000000e+01,-7.0530098000e+01,-3.3482882000e+01
6.3515000000e+04,1.7734263000e+05,1.9802990000e+03,4.0710000000e+00,1.6480000000e+00,-7.0577495000e+01,-3.3487054000e+01
6.3516000000e+04,1.6728361920e+06,5.8394210000e+03,3.8403000000e+01,1.5541000000e+01,-7.0568346000e+01,-3.3486526000e+01
6.3518000000e+04,1.0708746820e+06,4.3487880000e+03,2.4584000000e+01,9.9490000000e+00,-7.0554450000e+01,-3.3492943000e+01
6.3519000000e+04,1.4871421650e+06,5.0969540000e+03,3.4140000000e+01,1.3816000000e+01,-7.0544228000e+01,-3.3493377000e+01
6.3520000000e+04,6.4640309570e+06,1.1933267000e+04,1.4839400000e+02,6.0053000000e+01,-7.0520215000e+01,-3.3491789000e+01
6.3521000000e+04,1.3650646030e+06,4.7391440000e+03,3.1338000000e+01,1.2682000000e+01,-7.0577665000e+01,-3.3495774000e+01
6.3522000000e+04,8.4434273500e+05,4.0282950000e+03,1.9383000000e+01,7.8440000000e+00,-7.0567661000e+01,-3.3500528000e+01
6.3523000000e+04,2.3688923110e+06,6.2540330000e+03,5.4382000000e+01,2.2008000000e+01,-7.0550488000e+01,-3.3505506000e+01
6.3525000000e+04,4.5886577300e+05,2.7546830000e+03,1.0534000000e+01,4.2630000000e+00,-7.0582911000e+01,-3.3502989000e+01
6.3526000000e+04,3.3431621900e+05,2.5118440000e+03,7.6750000000e+00,3.1060000000e+00,-7.0573957000e+01,-3.3504376000e+01
6.3528000000e+04,9.3211475000e+05,4.4766150000e+03,2.1398000000e+01,8.6600000000e+00,-7.0567642000e+01,-3.3507358000e+01
6.3601000000e+04,3.9839042000e+05,2.8904540000e+03,9.1460000000e+00,3.7010000000e+00,-7.0605812000e+01,-3.3511361000e+01
6.3602000000e+04,5.1302079900e+05,3.0528130000e+03,1.1777000000e+01,4.7660000000e+00,-7.0595372000e+01,-3.3511648000e+01
6.3603000000e+04,1.0534142640e+06,5.0396220000e+03,2.4183000000e+01,9.7870000000e+00,-7.0605342000e+01,-3.3515438000e+01
6.3604000000e+04,3.6866569900e+05,2.8253350000e+03,8.4630000000e+00,3.4250000000e+00,-7.0598755000e+01,-3.3518003000e+01
6.3606000000e+04,1.2741084430e+06,5.4305980000e+03,2.9250000000e+01,1.1837000000e+01,-7.0587749000e+01,-3.3515464000e+01
6.3607000000e+04,4.5094225000e+05,3.4272900000e+03,1.0352000000e+01,4.1890000000e+00,-7.0580983000e+01,-3.3512912000e+01
6.3608000000e+04,8.4090242100e+05,4.0845670000e+03,1.9304000000e+01,7.8120000000e+00,-7.0566393000e+01,-3.3513874000e+01
6.3609000000e+04,1.1941173810e+06,4.7818940000e+03,2.7413000000e+01,1.1094000000e+01,-7.0553699000e+01,-3.3518200000e+01
6.3611000000e+04,9.5464362500e+05,4.3877290000e+03,2.1916000000e+01,8.8690000000e+00,-7.0576709000e+01,-3.3517899000e+01
6.3612000000e+04,6.6573876400e+05,3.4661700000e+03,1.5283000000e+01,6.1850000000e+00,-7.0562216000e+01,-3.3519098000e+01
6.3613000000e+04,6.6286062700e+05,4.0778290000e+03,1.5217000000e+01,6.1580000000e+00,-7.0606038000e+01,-3.3529915000e+01
6.3614000000e+04,3.5867019000e+05,2.4714870000e+03,8.2340000000e+00,3.3320000000e+00,-7.0599103000e+01,-3.3525454000e+01
6.3615000000e+04,4.6650368500e+05,2.8085760000e+03,1.0709000000e+01,4.3340000000e+00,-7.0592509000e+01,-3.3525291000e+01
6.3616000000e+04,7.0741815000e+05,3.6706960000e+03,1.6240000000e+01,6.5720000000e+00,-7.0582437000e+01,-3.3525879000e+01
6.3617000000e+04,1.0448443420e+06,5.1581530000e+03,2.3986000000e+01,9.7070000000e+00,-7.0566819000e+01,-3.3525204000e+01
6.3620000000e+04,5.8916137600e+05,3.4813380000e+03,1.3525000000e+01,5.4740000000e+00,-7.0594516000e+01,-3.3533804000e+01
6.3622000000e+04,4.7212243000e+05,3.2910800000e+03,1.0838000000e+01,4.3860000000e+00,-7.0580816000e+01,-3.3530171000e+01
6.3623000000e+04,1.7651544580e+06,5.6126910000e+03,4.0522000000e+01,1.6399000000e+01,-7.0564769000e+01,-3.3530787000e+01
6.3628000000e+04,5.1346175200e+05,3.3502120000e+03,1.1787000000e+01,4.7700000000e+00,-7.0595713000e+01,-3.3541077000e+01
6.3630000000e+04,8.4779967100e+05,3.8804020000e+03,1.9463000000e+01,7.8760000000e+00,-7.0578267000e+01,-3.3535577000e+01
6.3631000000e+04,8.1597040300e+05,4.0976490000e+03,1.8732000000e+01,7.5810000000e+00,-7.0608090000e+01,-3.3545750000e+01
6.3632000000e+04,1.1353136190e+06,4.4252210000e+03,2.6063000000e+01,1.0547000000e+01,-7.0594649000e+01,-3.3546470000e+01
6.3633000000e+04,9.1155738100e+05,3.9643050000e+03,2.0926000000e+01,8.4690000000e+00,-7.0584348000e+01,-3.3544722000e+01
6.3634000000e+04,1.2086703090e+06,4.8795060000e+03,2.7747000000e+01,1.1229000000e+01,-7.0573770000e+01,-3.3544747000e+01
6.3635000000e+04,2.1860396210e+06,5.8999590000e+03,5.0185000000e+01,2.0309000000e+01,-7.0562170000e+01,-3.3541316000e+01
6.3636000000e+04,9.6709098900e+05,3.9589330000e+03,2.2201000000e+01,8.9850000000e+00,-7.0606708000e+01,-3.3554826000e+01
6.3637000000e+04,6.9475475600e+05,3.8244810000e+03,1.5949000000e+01,6.4550000000e+00,-7.0598403000e+01,-3.3556025000e+01
6.3638000000e+04,1.0788789860e+06,4.3135370000e+03,2.4768000000e+01,1.0023000000e+01,-7.0590152000e+01,-3.3555779000e+01
6.3639000000e+04,8.6699961700e+05,3.7055480000e+03,1.9904000000e+01,8.0550000000e+00,-7.0580858000e+01,-3.3554601000e+01
6.3640000000e+04,1.0637487370e+06,4.4859790000e+03,2.4420000000e+01,9.8830000000e+00,-7.0569416000e+01,-3.3554133000e+01
6.3641000000e+04,1.2573377790e+06,4.6231350000e+03,2.8865000000e+01,1.1681000000e+01,-7.0604885000e+01,-3.3564207000e+01
6.3642000000e+04,1.1195303200e+06,4.3958160000e+03,2.5701000000e+01,1.0401000000e+01,-7.0591282000e+01,-3.3565186000e+01
6.3643000000e+04,5.8449986700e+05,3.2228470000e+03,1.3418000000e+01,5.4300000000e+00,-7.0579566000e+01,-3.3562045000e+01
6.3644000000e+04,8.8382171100e+05,4.4020650000e+03,2.0290000000e+01,8.2110000000e+00,-7.0565715000e+01,-3.3559989000e+01
6.3701000000e+04,1.9618465680e+06,5.5797700000e+03,4.5038000000e+01,1.8226000000e+01,-7.0602897000e+01,-3.3574946000e+01
6.3702000000e+04,1.5831532730e+06,5.3154130000e+03,3.6344000000e+01,1.4708000000e+01,-7.0589089000e+01,-3.3574435000e+01
6.3703000000e+04,5.9091585100e+05,3.4991050000e+03,1.3566000000e+01,5.4900000000e+00,-7.0576667000e+01,-3.3566121000e+01
6.3704000000e+04,3.9964994700e+05,2.5685240000e+03,9.1750000000e+00,3.7130000000e+00,-7.0566037000e+01,-3.3564674000e+01
6.3705000000e+04,1.1341726730e+06,5.2598980000e+03,2.6037000000e+01,1.0537000000e+01,-7.0571459000e+01,-3.3570260000e+01
6.3706000000e+04,9.1429982200e+05,4.1721260000e+03,2.0989000000e+01,8.4940000000e+00,-7.0558397000e+01,-3.3568003000e+01
6.3707000000e+04,1.2120768310e+06,5.2718420000e+03,2.7825000000e+01,1.1261000000e+01,-7.0559869000e+01,-3.3554962000e+01
6.3708000000e+04,4.4646126120e+06,8.4156310000e+03,1.0249300000e+02,4.1478000000e+01,-7.0540263000e+01,-3.3557682000e+01
6.3711000000e+04,4.1174315200e+05,3.0527120000e+03,9.4520000000e+00,3.8250000000e+00,-7.0576478000e+01,-3.3577003000e+01
6.3712000000e+04,1.6284721230e+06,6.4881980000e+03,3.7385000000e+01,1.5129000000e+01,-7.0565135000e+01,-3.3575817000e+01
6.3713000000e+04,2.6629759200e+06,6.8482790000e+03,6.1134000000e+01,2.4740000000e+01,-7.0600181000e+01,-3.3591101000e+01
6.3714000000e+04,2.7495836580e+06,6.7778330000e+03,6.3122000000e+01,2.5545000000e+01,-7.0586319000e+01,-3.3589251000e+01
6.3715000000e+04,1.3613802230e+06,5.2548110000e+03,3.1253000000e+01,1.2648000000e+01,-7.0570046000e+01,-3.3584562000e+01
6.3716000000e+04,7.6401014300e+06,1.2857959000e+04,1.7539300000e+02,7.0979000000e+01,-7.0547566000e+01,-3.3595177000e+01
6.3717000000e+04,3.2660684330e+06,7.3190290000e+03,7.4979000000e+01,3.0343000000e+01,-7.0614489000e+01,-3.3609822000e+01
6.3718000000e+04,1.4594912950e+06,5.7936980000e+03,3.3505000000e+01,1.3559000000e+01,-7.0597923000e+01,-3.3607436000e+01
6.3719000000e+04,7.3222784000e+05,3.7174490000e+03,1.6810000000e+01,6.8030000000e+00,-7.0583861000e+01,-3.3601062000e+01
6.3720000000e+04,3.1643900460e+06,7.2048510000e+03,7.2644000000e+01,2.9398000000e+01,-7.0566207000e+01,-3.3595306000e+01
6.3721000000e+04,6.3793064670e+06,1.0823339000e+04,1.4644900000e+02,5.9266000000e+01,-7.0614093000e+01,-3.3628179000e+01
6.3722000000e+04,2.5242430430e+06,7.6718220000e+03,5.7949000000e+01,2.3451000000e+01,-7.0596695000e+01,-3.3626256000e+01
6.3723000000e+04,9.6766764500e+05,4.0063930000e+03,2.2215000000e+01,8.9900000000e+00,-7.0591138000e+01,-3.3609308000e+01
6.3724000000e+04,4.0219838400e+05,2.9618960000e+03,9.2330000000e+00,3.7370000000e+00,-7.0581491000e+01,-3.3606077000e+01
6.3725000000e+04,5.6634448000e+05,3.2042290000e+03,1.3001000000e+01,5.2620000000e+00,-7.0572925000e+01,-3.3607057000e+01
6.3727000000e+04,1.8371916170e+06,7.0448980000e+03,4.2176000000e+01,1.7068000000e+01,-7.0556059000e+01,-3.3606194000e+01
6.3728000000e+04,2.9685353100e+05,2.6955900000e+03,6.8150000000e+00,2.7580000000e+00,-7.0580712000e+01,-3.3608405000e+01
6.3730000000e+04,4.6280773000e+05,2.8713770000e+03,1.0625000000e+01,4.3000000000e+00,-7.0591076000e+01,-3.3617539000e+01
6.3733000000e+04,9.6476775800e+05,4.6384830000e+03,2.2148000000e+01,8.9630000000e+00,-7.0570263000e+01,-3.3619142000e+01
6.3734000000e+04,6.5554851200e+05,3.7675250000e+03,1.5049000000e+01,6.0900000000e+00,-7.0563960000e+01,-3.3617396000e+01
6.3735000000e+04,2.8290520030e+06,7.7072080000e+03,6.4946000000e+01,2.6283000000e+01,-7.0545809000e+01,-3.3615978000e+01
6.3737000000e+04,7.5218627400e+05,3.6954620000e+03,1.7268000000e+01,6.9880000000e+00,-7.0580122000e+01,-3.3619748000e+01
6.3738000000e+04,1.2534310200e+06,5.3922970000e+03,2.8775000000e+01,1.1645000000e+01,-7.0581053000e+01,-3.3628816000e+01
6.3739000000e+04,4.9118566440e+06,1.3284654000e+04,1.1276100000e+02,4.5633000000e+01,-7.0527536000e+01,-3.3606799000e+01
6.3801000000e+04,1.0482509118e+07,1.4417375000e+04,2.4064500000e+02,9.7386000000e+01,-7.0572098000e+01,-3.3636392000e+01
